Key,app_ar,app_bn,app_de,app_el,app_en,app_es,app_fa,app_fr,app_he,app_hi,app_hu,app_id,app_it,app_ja,app_ko,app_ms,app_my,app_nl,app_pl,app_pt,app_ro,app_ru,app_sr,app_th,app_tr,app_uk,app_vi,app_zh,app_zh_CN
product_name,عداد,কাউন্টার,Zähler,Μετρητής,Counter,Contador,شمارنده,Compteur,מונה,काउंटर,Számláló,Penghitung,Contatore,カウンター,카운터,Pengira,ကောင်တာ,Teller,Licznik,Contador,Contor,Счетчик,Бројач,เครื่องนับ,Sayaç,Лічильник,Bộ Đếm,計數器,计数器
product_desc,استخدام الرؤية الحاسوبية والذكاء الاصطناعي لعد الأشخاص والمركبات والحيوانات الأليفة والمزيد.,"কম্পিউটার ভিশন এবং এআই ব্যবহার করে মানুষ, যানবাহন, পোষা প্রাণী এবং আরও অনেক কিছু গণনা করুন।","Nutzung von Computer Vision und KI zum Zählen von Personen, Fahrzeugen, Haustieren und mehr.","Χρησιμοποιεί υπολογιστική όραση και τεχνητή νοημοσύνη για να μετρά ανθρώπους, οχήματα, κατοικίδια και άλλα.","Using computer vision and ai to count people, vehicles, pets, and more.","Usando visión artificial e IA para contar personas, vehículos, mascotas y más.",با استفاده از بینایی کامپیوتری و هوش مصنوعی برای شمارش افراد، وسایل نقلیه، حیوانات خانگی و موارد دیگر.,"Utilisation de la vision par ordinateur et de l'IA pour compter les personnes, véhicules, animaux et plus encore.","שימוש בראייה ממוחשבת ובינה מלאכותית לספירת אנשים, כלי רכב, חיות מחמד ועוד.","कंप्यूटर विज़न और एआई का उपयोग करके लोगों, वाहनों, पालतू जानवरों और अन्य चीज़ों की गिनती करें।","Számoljon embereket, járműveket, háziállatokat és egyebeket számítógépes látás és mesterséges intelligencia segítségével.","Menggunakan visi komputer dan kecerdasan buatan untuk menghitung orang, kendaraan, hewan peliharaan, dan lainnya.","Utilizza la visione artificiale e l'IA per contare persone, veicoli, animali domestici e altro.",コンピュータービジョンとAIを使用して、人、車両、ペットなどをカウントします。,"컴퓨터 비전과 AI를 사용하여 사람, 차량, 반려동물 등을 카운팅합니다.","Menggunakan penglihatan komputer dan kecerdasan buatan untuk mengira orang, kenderaan, haiwan peliharaan, dan banyak lagi.",ကွန်ပျူတာမျက်စိနှင့် AI ကိုအသုံးပြု၍ လူများ၊ ယာဉ်များ၊ အိမ်မွေးတိရစ္ဆာန်များနှင့် အခြားအရာများကို ရေတွက်ပါ။,"Computer vision en AI gebruiken om mensen, voertuigen, huisdieren en meer te tellen.","Wykorzystuje widzenie komputerowe i sztuczną inteligencję do liczenia osób, pojazdów, zwierząt i nie tylko.","Use visão computacional e IA para contar pessoas, veículos, animais de estimação e muito mais.","Folosește viziunea computerizată și inteligența artificială pentru a număra persoane, vehicule, animale de companie și multe altele.","Использование компьютерного зрения и ИИ для подсчета людей, транспортных средств, животных и многого другого.","Korišćenje računarskog vida i veštačke inteligencije za brojanje ljudi, vozila, kućnih ljubimaca i više.",ใช้คอมพิวเตอร์วิชั่นและเอไอเพื่อนับคน ยานพาหนะ สัตว์เลี้ยง และอื่นๆ,"Bilgisayarlı görü ve yapay zeka kullanarak insan, araç, evcil hayvan ve daha fazlasını sayın.","Використання комп'ютерного зору та штучного інтелекту для підрахунку людей, транспортних засобів, домашніх тварин та іншого.","Sử dụng thị giác máy tính và trí tuệ nhân tạo để đếm người, phương tiện, thú cưng và nhiều đối tượng khác.",使用電腦視覺和人工智慧來計數人員、車輛、寵物等。,使用计算机视觉和人工智能来计数人员、车辆、宠物等。
product_copyright,حقوق النشر © 2025,কপিরাইট © ২০২৫,Copyright © 2025,Πνευματικά δικαιώματα © 2025,Copyright © 2025,Copyright © 2025,حق نشر © ۲۰۲۵,Copyright © 2025,כל הזכויות שמורות © 2025,कॉपीराइट © 2025,Szerzői jog © 2025,Hak Cipta © 2025,Copyright © 2025,Copyright © 2025,Copyright © 2025,Hak Cipta © 2025,မူပိုင်ခွင့် © 2025,Copyright © 2025,Copyright © 2025,Copyright © 2025,Drepturi de autor © 2025,Авторские права © 2025,Copyright © 2025,ลิขสิทธิ์ © 2025,Telif Hakkı © 2025,Авторське право © 2025,Bản quyền © 2025,版權所有 © 2025,版权所有 © 2025
about_screen_title,حول,সম্পর্কে,Über,Σχετικά,About,Acerca de,درباره,À propos,אודות,जानकारी,Névjegy,Tentang,Informazioni,アプリについて,정보,Tentang,အကြောင်း,Over,O aplikacji,Sobre,Despre,О программе,O programu,เกี่ยวกับ,Hakkında,Про програму,Giới thiệu,關於,关于
about_screen_platform,المنصة,প্ল্যাটফর্ম,Plattform,Πλατφόρμα,Platform,Plataforma,پلتفرم,Plateforme,פלטפורמה,प्लेटफॉर्म,Platform,Platform,Piattaforma,プラットフォーム,플랫폼,Platform,ပလက်ဖောင်း,Platform,Platforma,Plataforma,Platformă,Платформа,Platforma,แพลตฟอร์ม,Platform,Платформа,Nền tảng,平台,平台
about_screen_app_version,إصدار التطبيق,অ্যাপ ভার্সন,App-Version,Έκδοση Εφαρμογής,App Version,Versión de la aplicación,نسخه برنامه,Version de l'application,גרסת אפליקציה,ऐप वर्शन,Alkalmazás verziója,Versi Aplikasi,Versione dell'app,アプリバージョン,앱 버전,Versi Aplikasi,အက်ပ်ဗားရှင်း,App-versie,Wersja aplikacji,Versão do Aplicativo,Versiune aplicație,Версия приложения,Verzija aplikacije,เวอร์ชันแอป,Uygulama Sürümü,Версія програми,Phiên bản ứng dụng,應用程式版本,应用程序版本
about_screen_models,نماذج كشف الأجسام,অবজেক্ট ডিটেকশন মডেল,Objekterkennungsmodelle,Μοντέλα ανίχνευσης αντικειμένων,Object detection models,Modelos de detección de objetos,مدل‌های تشخیص اشیاء,Modèles de détection d'objets,מודלים לזיהוי עצמים,ऑब्जेक्ट डिटेक्शन मॉडल,Objektumfelismerő modellek,Model deteksi objek,Modelli di rilevamento oggetti,物体検出モデル,객체 감지 모델,Model pengesanan objek,အရာဝတ္ထုရှာဖွေခြင်းမော်ဒယ်များ,Objectdetectiemodellen,Modele wykrywania obiektów,Modelos de detecção de objetos,Modele de detectare a obiectelor,Модели обнаружения объектов,Modeli za detekciju objekata,โมเดลตรวจจับวัตถุ,Nesne algılama modelleri,Моделі виявлення об'єктів,Mô hình phát hiện đối tượng,物體偵測模型,物体检测模型
about_screen_benchmark,اختبار الأداء,বেঞ্চমার্ক,Benchmark,Αξιολόγηση επιδόσεων,Benchmark,Evaluación comparativa,آزمون کارایی,Benchmark,בדיקות ביצועים,बेंचमार्क,Teljesítményteszt,Benchmark,Benchmark,ベンチマーク,벤치마크,Penanda aras,စံပြုတိုင်းတာချက်,Benchmark,Test wydajności,Benchmark,Benchmark,Тестирование производительности,Benchmark,เกณฑ์การทดสอบ,Kıyaslama,Тестування продуктивності,Đánh giá hiệu suất,基準測試,基准测试
about_screen_opencv_build_info,معلومات بناء OpenCV,OpenCV বিল্ড তথ্য,OpenCV Build-Informationen,Πληροφορίες δόμησης OpenCV,OpenCV Build Info,Información de compilación de OpenCV,اطلاعات ساخت OpenCV,Informations de compilation OpenCV,מידע בנייה OpenCV,OpenCV बिल्ड जानकारी,OpenCV Fordítási Információk,Info Build OpenCV,Informazioni di build OpenCV,OpenCV ビルド情報,OpenCV 빌드 정보,Maklumat Binaan OpenCV,OpenCV ဆောက်လုပ်မှုအချက်အလက်,OpenCV Build Info,Informacje o kompilacji OpenCV,Informações de Compilação do OpenCV,Informații despre build-ul OpenCV,Информация о сборке OpenCV,OpenCV informacije o izgradnji,ข้อมูลการสร้าง OpenCV,OpenCV Derleme Bilgisi,Інформація про збірку OpenCV,Thông tin xây dựng OpenCV,OpenCV 構建資訊,OpenCV 构建信息
count_avg_dwell,متوسط التوقف,গড় অবস্থানকাল,Ø Verweilzeit,Μ.Ο. Παραμονή,Avg Dwell,Permanencia Prom.,میانگین توقف,Séjour Moyen,שהות ממוצעת,औसत ठहराव,Átlag Tartózkodás,Durasi Rata-rata,Sosta Media,平均滞在,평균 체류,Masa Purata,ပျမ်းတည်နေချိန်,Gem. Verblijf,Śr. Pobyt,Perm. Méd.,Dur. Med.,Ср. пребывание,Prosečni boravak,เฉลี่ยเวลา,Ort. Kalış,Пересічний час,Thời gian TB,平均停留,平均停留
count_avg_occ,متوسط الإشغال,গড় উপস্থিতি,Ø Besatz,Μ.Ο. Πλήθος,Avg Occ,Ocu. Prom.,میانگین اشغال,Occ. Moy.,ממוצע נוכחות,औसत उपस्थिति,Átlag Jelen,Rata Huni,Occ. Media,平均在室,평균 점유,Purata Huni,ပျမ်းမျှ,Gem. Bez.,Śr. Zajętość,Ocup. Méd.,Ocup. Med.,Ср. занятость,Prosek prisustva,เฉลี่ยคน,Ort. Doluluk,Середнє,TB chiếm,平均人數,平均人数
count_max_dwell,أطول توقف,সর্বোচ্চ অবস্থান,Max. Verweilzeit,Μέγ. Παραμονή,Peak Dwell,Permanencia Máx.,بیشترین توقف,Séjour Max.,שהות מרבית,अधिकतम ठहराव,Max. Tartózkodás,Durasi Maks.,Sosta Max.,最大滞在,최대 체류,Masa Maks.,အများဆုံးနေချိန်,Piek Verblijf,Maks. Pobyt,Perm. Máx.,Dur. Max.,Пиковое время,Maks. boravak,สูงสุดเวลา,Maks. Kalış,Пиковий час,Tối đa,最大停留,最大停留
count_max_occ,ذروة الإشغال,সর্বোচ্চ উপস্থিতি,Max. Belegung,Μέγ. Πλήθος,Peak Occ,Ocu. Máx.,اوج اشغال,Occ. Max.,תפוסה מרבית,अधिकतम उपस्थिति,Max. Jelenlét,Maks. Hunian,Occ. Max.,ピーク人数,최대 인원,Occ. Maks.,အများဆုံးလူ,Piek Bez.,Maks. Zajętość,Ocup. Máx.,Ocup. Max.,Пиковое число,Maks. Broj,สูงสุด,Maks. Doluluk,Пікова,Cao điểm,最多人數,最多人数
detection_screen_reset,إعادة تعيين,রিসেট,Zurücksetzen,Επαναφορά,Reset,Reiniciar,بازنشانی,Réinitialiser,איפוס,रीसेट,Visszaállítás,Reset,Ripristina,リセット,초기화,Set semula,ပြန်လည်သတ်မှတ်ပါ,Resetten,Reset,Redefinir,Resetare,Сбросить,Resetuj,รีเซ็ต,Sıfırla,Скинути,Đặt lại,重置,重置
detection_screen_reset_content,هل أنت متأكد أنك تريد إعادة تعيين إعدادات الكشف؟,আপনি কি নিশ্চিত যে আপনি ডিটেকশন সেটিংস রিসেট করতে চান?,"Sind Sie sicher, dass Sie die Erkennungseinstellungen zurücksetzen möchten?",Είστε βέβαιοι ότι θέλετε να επαναφέρετε τις ρυθμίσεις ανίχνευσης;,Are you sure you want to reset the detection settings?,¿Estás seguro de que quieres reiniciar los ajustes de detección?,آیا مطمئن هستید که می‌خواهید تنظیمات تشخیص را بازنشانی کنید؟,Êtes-vous sûr de vouloir réinitialiser les paramètres de détection ?,האם אתה בטוח שברצונך לאפס את הגדרות הזיהוי?,क्या आप सुनिश्चित हैं कि आप डिटेक्शन सेटिंग्स रीसेट करना चाहते हैं?,Biztosan visszaállítja a felismerési beállításokat?,Apakah Anda yakin ingin mereset pengaturan deteksi?,Sei sicuro di voler ripristinare le impostazioni di rilevamento?,検出設定をリセットしてもよろしいですか？,감지 설정을 초기화하시겠습니까?,Adakah anda pasti mahu menetapkan semula tetapan pengesanan?,ရှာဖွေခြင်းဆက်တင်များကို ပြန်လည်သတ်မှတ်ရန် သေချာပါသလား။,Weet u zeker dat u de detectie-instellingen wilt resetten?,Czy na pewno chcesz zresetować ustawienia wykrywania?,Tem certeza de que deseja redefinir as configurações de detecção?,Sunteți sigur că doriți să resetați setările de detectare?,"Вы уверены, что хотите сбросить настройки обнаружения?",Da li ste sigurni da želite da resetujete podešavanja detekcije?,คุณแน่ใจหรือไม่ว่าต้องการรีเซ็ตการตั้งค่าการตรวจจับ?,Algılama ayarlarını sıfırlamak istediğinizden emin misiniz?,"Ви впевнені, що хочете скинути налаштування виявлення?",Bạn có chắc chắn muốn đặt lại cài đặt phát hiện không?,您確定要重置偵測設定嗎？,您确定要重置检测设置吗？
detection_screen_title,إعدادات الكشف,ডিটেকশন সেটিংস,Erkennungseinstellungen,Ρυθμίσεις Ανίχνευσης,Detection Settings,Ajustes de detección,تنظیمات تشخیص,Paramètres de détection,הגדרות זיהוי,डिटेक्शन सेटिंग्स,Felismerési beállítások,Pengaturan Deteksi,Impostazioni di rilevamento,検出設定,감지 설정,Tetapan Pengesanan,ရှာဖွေခြင်းဆက်တင်များ,Detectie-instellingen,Ustawienia wykrywania,Configurações de Detecção,Setări de detectare,Настройки обнаружения,Podešavanja detekcije,การตั้งค่าการตรวจจับ,Algılama Ayarları,Налаштування виявлення,Cài đặt phát hiện,偵測設定,检测设置
language_screen_language,اللغة,ভাষা,Sprache,Γλώσσα,Language,Idioma,زبان,Langue,שפה,भाषा,Nyelv,Bahasa,Lingua,言語,언어,Bahasa,ဘာသာစကား,Taal,Język,Idioma,Limbă,Язык,Jezik,ภาษา,Dil,Мова,Ngôn ngữ,語言,语言
main_screen_booting,جاري التشغيل...,শুরু হচ্ছে...,Wird gestartet...,Εκκίνηση...,Starting up...,Iniciando...,در حال راه‌اندازی...,Démarrage...,מתחיל...,शुरू हो रहा है...,Indítás...,Memulai...,Avvio in corso...,起動中...,시작 중...,Sedang memulakan...,စတင်နေသည်...,Opstarten...,Uruchamianie...,Iniciando...,Se pornește...,Запуск...,Pokretanje...,กำลังเริ่ม...,Başlatılıyor...,Запуск...,Đang khởi động...,正在啟動...,正在启动...
main_screen_checking_hardware,جاري فحص الأجهزة...,হার্ডওয়্যার পরীক্ষা করা হচ্ছে...,Hardware wird überprüft...,Έλεγχος υλικού...,Checking hardware...,Verificando hardware...,بررسی سخت‌افزار...,Vérification du matériel...,בודק חומרה...,हार्डवेयर जाँच हो रही है...,Hardver ellenőrzése...,Memeriksa perangkat keras...,Controllo hardware...,ハードウェアを確認中...,하드웨어 확인 중...,Memeriksa perkakasan...,ဟာ့ဒ်ဝဲစစ်ဆေးနေသည်...,Hardware controleren...,Sprawdzanie sprzętu...,Verificando hardware...,Se verifică hardware-ul...,Проверка оборудования...,Provera hardvera...,กำลังตรวจสอบฮาร์ดแวร์...,Donanım kontrol ediliyor...,Перевірка обладнання...,Đang kiểm tra phần cứng...,正在檢查硬體...,正在检查硬件...
no,لا,না,Nein,Όχι,No,No,خیر,Non,לא,नहीं,Nem,Tidak,No,いいえ,아니오,Tidak,မဟုတ်ပါ,Nee,Nie,Não,Nu,Нет,Ne,ไม่,Hayır,Ні,Không,否,否
settings_screen_desc,ضبط اسم المشروع، معلمات الكشف، مسح العد.,"প্রজেক্টের নাম, ডিটেকশন পরামিতি, গণনা পরিষ্কার সেট করুন।","Projektnamen, Erkennungsparameter und Zählrückstellung festlegen.","Ορίστε όνομα Έργου, παραμέτρους ανίχνευσης, εκκαθάριση μετρήσεων.","Set Project name, detection parameters, count clearing.","Configura el nombre del proyecto, parámetros de detección y reinicio de conteos.",تنظیم نام پروژه، پارامترهای تشخیص، پاک کردن شمارش.,"Définissez le nom du projet, les paramètres de détection et la réinitialisation des compteurs.","הגדר שם פרויקט, פרמטרים לזיהוי, איפוס ספירה.","प्रोजेक्ट नाम, डिटेक्शन पैरामीटर, गिनती साफ़ करना सेट करें।","Állítsa be a projekt nevét, a felismerési paramétereket, a számlálás törlését.","Atur nama Proyek, parameter deteksi, pengosongan hitungan.","Imposta nome del progetto, parametri di rilevamento, azzeramento conteggi.",プロジェクト名、検出パラメーター、カウントのクリアを設定します。,"프로젝트 이름, 감지 매개변수, 카운트 초기화 설정.","Tetapkan nama Projek, parameter pengesanan, pengosongan kiraan.",စီမံကိန်းအမည်၊ ရှာဖွေမှုသတ်မှတ်ချက်များ၊ ရေတွက်မှုရှင်းလင်းခြင်းတို့ကို သတ်မှတ်ပါ။,"Stel projectnaam, detectieparameters en het wissen van tellingen in.","Ustaw nazwę projektu, parametry wykrywania, zerowanie liczników.","Defina nome do projeto, parâmetros de detecção e limpeza de contagens.","Setați numele proiectului, parametrii de detectare, resetarea numărării.","Установите имя проекта, параметры обнаружения, сброс счетчиков.","Postavite ime projekta, parametre detekcije, brisanje brojanja.",ตั้งค่าชื่อโปรเจกต์ พารามิเตอร์การตรวจจับ การล้างข้อมูลการนับ,"Proje adını, algılama parametrelerini, sayım temizlemeyi ayarlayın.","Встановіть назву проєкту, параметри виявлення, скидання підрахунку.","Đặt tên dự án, thông số phát hiện, xóa số lượng.",設定專案名稱、偵測參數、計數清除。,设置项目名称、检测参数、计数清除。
submit,إرسال,জমা দিন,Absenden,Υποβολή,Submit,Enviar,ارسال,Soumettre,שלח,सबमिट,Küldés,Kirim,Invia,送信,제출,Hantar,တင်သွင်းပါ,Verzenden,Wyślij,Enviar,Trimite,Отправить,Pošalji,ส่ง,Gönder,Надіслати,Gửi,提交,提交
url_screen_desc,الرجاء إدخال رابط البث المباشر,লাইভ স্ট্রিম URL লিখুন,Bitte geben Sie die Live-Stream URL ein,Παρακαλώ εισάγετε το URL ζωντανής ροής,Please enter the live stream URL,"Por favor, introduce la URL de transmisión en directo",لطفاً آدرس پخش زنده را وارد کنید,Veuillez saisir l'URL du flux en direct,אנא הזן את כתובת השידור החי,कृपया लाइव स्ट्रीम URL दर्ज करें,"Kérjük, adja meg az élő közvetítés URL-jét",Silakan masukkan URL siaran langsung,Inserisci l'URL dello streaming live,ライブストリームURLを入力してください,라이브 스트림 URL을 입력하세요,Sila masukkan URL strim langsung,တိုက်ရိုက်ထုတ်လွှင့်မှု URL ကို ထည့်သွင်းပါ,Voer de livestream URL in,Wprowadź adres URL transmisji na żywo,"Por favor, insira a URL da transmissão ao vivo",Vă rugăm să introduceți URL-ul fluxului live,"Пожалуйста, введите URL прямой трансляции",Unesite URL live streama,กรุณาใส่ URL สตรีมสด,Lütfen canlı yayın URL'sini girin,"Будь ласка, введіть URL трансляції",Vui lòng nhập URL phát trực tiếp,請輸入即時串流網址,请输入直播流网址
url_screen_title,رابط البث المباشر,লাইভ স্ট্রিম URL,Live-Stream URL,URL ζωντανής ροής,Live stream URL,URL de transmisión en directo,آدرس پخش زنده,URL du flux en direct,כתובת שידור חי,लाइव स्ट्रीम URL,Élő közvetítés URL,URL siaran langsung,URL streaming live,ライブストリームURL,라이브 스트림 URL,URL Strim Langsung,တိုက်ရိုက်ထုတ်လွှင့်မှု URL,Livestream URL,Adres URL transmisji na żywo,URL de transmissão ao vivo,URL flux live,URL прямой трансляции,URL live streama,URL สตรีมสด,Canlı yayın URL'si,URL трансляції,URL phát trực tiếp,即時串流網址,直播流网址
url_screen_url,الرابط,URL,URL,URL,URL,URL,آدرس,URL,כתובת URL,URL,URL,URL,URL,URL,URL,URL,URL,URL,URL,URL,URL,URL,URL,URL,URL,URL,URL,網址,网址
url_screen_url_placeholder,http://example.com/stream أو rtsp://example.com/stream,http://example.com/stream বা rtsp://example.com/stream,http://beispiel.de/stream oder rtsp://beispiel.de/stream,http://example.com/stream ή rtsp://example.com/stream,http://example.com/stream or rtsp://example.com/stream,http://ejemplo.com/transmision o rtsp://ejemplo.com/transmision,http://example.com/stream یا rtsp://example.com/stream,http://exemple.com/flux ou rtsp://exemple.com/flux,http://example.com/stream או rtsp://example.com/stream,http://example.com/stream या rtsp://example.com/stream,http://example.com/stream vagy rtsp://example.com/stream,http://example.com/stream atau rtsp://example.com/stream,http://esempio.com/stream o rtsp://esempio.com/stream,http://example.com/stream または rtsp://example.com/stream,http://example.com/stream 또는 rtsp://example.com/stream,http://example.com/stream atau rtsp://example.com/stream,http://example.com/stream သို့မဟုတ် rtsp://example.com/stream,http://voorbeeld.com/stream of rtsp://voorbeeld.com/stream,http://example.com/stream lub rtsp://example.com/stream,http://exemplo.com/transmissao ou rtsp://exemplo.com/transmissao,http://exemplu.com/flux sau rtsp://exemplu.com/flux,http://example.com/stream или rtsp://example.com/stream,http://example.com/stream ili rtsp://example.com/stream,http://example.com/stream หรือ rtsp://example.com/stream,http://example.com/stream veya rtsp://example.com/stream,http://example.com/stream або rtsp://example.com/stream,http://example.com/stream hoặc rtsp://example.com/stream,http://example.com/stream 或 rtsp://example.com/stream,http://example.com/stream 或 rtsp://example.com/stream
video_screen_desc,إدارة مصادر الفيديو، إضافة أو تعديل مناطق الكشف.,"ভিডিও উৎস পরিচালনা করুন, ডিটেকশন জোন যোগ করুন বা পরিবর্তন করুন।","Videoquellen verwalten, Erkennungszonen hinzufügen oder ändern.","Διαχείριση πηγών βίντεο, προσθήκη ή τροποποίηση ζωνών ανίχνευσης.","Manage video sources, add or modify detection zones.","Gestiona fuentes de vídeo, añade o modifica zonas de detección.",مدیریت منابع ویدیو، افزودن یا تغییر مناطق تشخیص.,"Gérer les sources vidéo, ajouter ou modifier les zones de détection.","נהל מקורות וידאו, הוסף או שנה אזורי זיהוי.","वीडियो स्रोतों का प्रबंधन करें, डिटेक्शन ज़ोन जोड़ें या संशोधित करें।","Videóforrások kezelése, felismerési zónák hozzáadása vagy módosítása.","Kelola sumber video, tambah atau ubah zona deteksi.","Gestisci fonti video, aggiungi o modifica zone di rilevamento.",映像ソースの管理、検出ゾーンの追加または変更を行います。,"비디오 소스 관리, 감지 영역 추가 또는 수정.","Urus sumber video, tambah atau ubah suai zon pengesanan.",ဗီဒီယိုရင်းမြစ်များကို စီမံခန့်ခွဲပါ၊ ရှာဖွေမှုဇုန်များကို ထည့်သွင်းခြင်း သို့မဟုတ် ပြုပြင်ခြင်း။,"Beheer videobronnen, voeg detectiezones toe of wijzig ze.","Zarządzaj źródłami wideo, dodawaj lub modyfikuj strefy wykrywania.","Gerencie fontes de vídeo, adicione ou modifique zonas de detecção.","Gestionează sursele video, adaugă sau modifică zonele de detectare.","Управляйте источниками видео, добавляйте или изменяйте зоны обнаружения.","Upravljajte video izvorima, dodajte ili izmenite zone detekcije.",จัดการแหล่งวิดีโอ เพิ่มหรือแก้ไขโซนการตรวจจับ,"Video kaynaklarını yönetin, algılama bölgeleri ekleyin veya değiştirin.","Керування відеоджерелами, додавання або зміна зон виявлення.","Quản lý nguồn video, thêm hoặc sửa đổi vùng phát hiện.",管理影片來源，新增或修改偵測區域。,管理视频源，添加或修改检测区域。
video_sources_camera,الكاميرا,ক্যামেরা,Kamera,Κάμερα,Camera,Cámara,دوربین,Caméra,מצלמה,कैमरा,Kamera,Kamera,Fotocamera,カメラ,카메라,Kamera,ကင်မရာ,Camera,Aparat,Câmera,Cameră,Камера,Kamera,กล้อง,Kamera,Камера,Camera,相機,相机
video_sources_camera_not_found_message,يجب منح إذن استخدام الكاميرا لاستخدامها,ক্যামেরা ব্যবহার করতে অনুমতি প্রদান করুন,"Kamerazugriff muss gewährt werden, um die Kamera zu nutzen",Χρειάζεται να παραχωρήσετε άδεια κάμερας για τη χρήση της,Need grant camera permission to use camera,Necesitas conceder permisos de cámara para utilizarla,برای استفاده از دوربین نیاز به مجوز دسترسی دارید,Vous devez autoriser l'accès à la caméra pour l'utiliser,יש לאשר הרשאת מצלמה כדי להשתמש במצלמה,कैमरा का उपयोग करने के लिए कैमरा अनुमति की आवश्यकता है,A kamera használatához engedélyezni kell a kamera hozzáférést,Perlu memberikan izin kamera untuk menggunakan kamera,È necessario concedere i permessi per utilizzare la fotocamera,カメラを使用するには権限の許可が必要です,카메라를 사용하려면 카메라 권한이 필요합니다,Perlu memberi kebenaran kamera untuk menggunakan kamera,ကင်မရာကိုအသုံးပြုရန် ကင်မရာခွင့်ပြုချက်လိုအပ်သည်,Cameratoestemming is nodig om de camera te gebruiken,Wymagane jest udzielenie uprawnień do korzystania z aparatu,É necessário conceder permissão para usar a câmera,Trebuie să acordați permisiunea pentru cameră pentru a o putea utiliza,Необходимо предоставить разрешение на использование камеры,Potrebno je odobriti dozvolu za kameru da biste je koristili,ต้องอนุญาตการเข้าถึงกล้องเพื่อใช้งาน,Kamerayı kullanmak için kamera izni vermeniz gerekiyor,Потрібно надати дозвіл на використання камери,Cần cấp quyền camera để sử dụng tính năng này,使用此功能需要相機權限。,使用此功能需要相机权限。
video_sources_camera_not_found_title,الكاميرا غير موجودة,ক্যামেরা পাওয়া যায়নি,Kamera nicht gefunden,Η κάμερα δεν βρέθηκε,Camera not found,Cámara no encontrada,دوربین پیدا نشد,Caméra introuvable,מצלמה לא נמצאה,कैमरा नहीं मिला,Kamera nem található,Kamera tidak ditemukan,Fotocamera non trovata,カメラが見つかりません,카메라를 찾을 수 없음,Kamera tidak dijumpai,ကင်မရာမတွေ့ပါ,Camera niet gevonden,Nie znaleziono aparatu,Câmera não encontrada,Camera nu a fost găsită,Камера не найдена,Kamera nije pronađena,ไม่พบกล้อง,Kamera bulunamadı,Камеру не знайдено,Không tìm thấy camera,找不到相機,找不到相机
video_sources_file,ملف,ফাইল,Datei,Αρχείο,File,Archivo,فایل,Fichier,קובץ,फ़ाइल,Fájl,File,File,ファイル,파일,Fail,ဖိုင်,Bestand,Plik,Arquivo,Fișier,Файл,Fajl,ไฟล์,Dosya,Файл,Tệp,檔案,文件
video_sources_live_stream,رابط البث المباشر,লাইভ স্ট্রিম URL,Live-Stream URL,URL ζωντανής ροής,Live stream URL,URL de transmisión en directo,آدرس پخش زنده,URL de flux en direct,כתובת שידור חי,लाइव स्ट्रीम URL,Élő közvetítés URL,URL siaran langsung,URL di streaming live,ライブストリームURL,라이브 스트림 URL,URL strim langsung,တိုက်ရိုက်ထုတ်လွှင့်မှု URL,Livestream URL,Adres URL transmisji na żywo,URL de transmissão ao vivo,URL flux live,URL прямой трансляции,URL live streama,URL สตรีมสด,Canlı yayın URL'si,URL трансляції,URL phát trực tiếp,直播串流網址,直播流网址
video_sources_photos_denied_msg,الرجاء الذهاب إلى الإعدادات والسماح بإذن الوصول للصور لهذا التطبيق.,অনুগ্রহ করে সেটিংসে যান এবং এই অ্যাপটির জন্য ফটো অ্যাক্সেসের অনুমতি দিন।,Bitte gehe zu den Einstellungen und erlaube den Fotozugriff für diese App.,Μεταβείτε στις ρυθμίσεις και επιτρέψτε την πρόσβαση σε φωτογραφίες για αυτήν την εφαρμογή.,Please go to settings and allow photos access permission for this app.,Ve a ajustes y permite el acceso a fotos para esta aplicación.,لطفاً به تنظیمات بروید و دسترسی به تصاویر را برای این برنامه مجاز کنید.,Allez dans les paramètres et autorisez l'accès aux photos pour cette application.,אנא עבור להגדרות ואפשר גישה לתמונות עבור אפליקציה זו.,कृपया सेटिंग्स में जाएं और इस ऐप के लिए फ़ोटो एक्सेस अनुमति दें.,Menjen a beállításokhoz és engedélyezze a fényképekhez való hozzáférést ennek az alkalmazásnak.,Buka pengaturan dan izinkan akses foto untuk aplikasi ini.,Vai su impostazioni e consenti l'accesso alle foto per questa app.,設定に移動して、このアプリの写真へのアクセスを許可してください。,설정으로 이동하여 이 앱의 사진 접근 권한을 허용해 주세요.,Sila pergi ke tetapan dan benarkan kebenaran akses foto untuk aplikasi ini.,ဆက်တင်သို့သွားပြီး ဤအက်ပ်အတွက် ဓာတ်ပုံဝင်ရောက်ခွင့် ခွင့်ပြုပါ။,Ga naar instellingen en geef toestemming voor fototoegang voor deze app.,Przejdź do ustawień i zezwól na dostęp do zdjęć dla tej aplikacji.,Vá para configurações e permita o acesso a fotos para este aplicativo.,Mergeți la setări și permiteți accesul la fotografii pentru această aplicație.,Перейдите в настройки и разрешите доступ к фото для этого приложения.,Идите у подешавања и дозволите приступ фотографијама за ову апликацију.,โปรดไปที่การตั้งค่าและอนุญาตให้แอปนี้เข้าถึงรูปภาพ,Lütfen ayarlara gidin ve bu uygulama için fotoğraflara erişim izni verin.,Перейдіть до налаштувань і дозвольте доступ до фото для цього додатка.,Vui lòng đi tới cài đặt và cho phép quyền truy cập ảnh cho ứng dụng này.,請前往設定並允許此應用程式的相片存取權限。,请前往设置并允许此应用的照片访问权限。
video_sources_webcam,كاميرا الويب,ওয়েবক্যাম,Webcam,Κάμερα web,Webcam,Webcam,وب‌کم,Webcam,מצלמת רשת,वेबकैम,Webkamera,Webcam,Webcam,ウェブカメラ,웹캠,Kamera web,ဝက်ဘ်ကင်မရာ,Webcam,Kamera internetowa,Webcam,Webcam,Веб-камера,Veb kamera,เว็บแคม,Web Kamerası,Веб-камера,Webcam,網路攝影機,网络摄像头
wizard_screen_about,حول,সম্পর্কে,Über,Σχετικά,About,Acerca de,درباره,À propos,אודות,जानकारी,Névjegy,Tentang,Informazioni,アプリについて,정보,Tentang,အကြောင်း,Over,O aplikacji,Sobre,Despre,О программе,O programu,เกี่ยวกับ,Hakkında,Про програму,Giới thiệu,關於,关于
wizard_screen_language,اللغة,ভাষা,Sprache,Γλώσσα,Language,Idioma,زبان,Langue,שפה,भाषा,Nyelv,Bahasa,Lingua,言語,언어,Bahasa,ဘာသာစကား,Taal,Język,Idioma,Limbă,Язык,Jezik,ภาษา,Dil,Мова,Ngôn ngữ,語言,语言
yes,نعم,হ্যাঁ,Ja,Ναι,Yes,Sí,بله,Oui,כן,हां,Igen,Ya,Sì,はい,예,Ya,ဟုတ်ကဲ့,Ja,Tak,Sim,Da,Да,Da,ใช่,Evet,Так,Có,是,是
about_screen_email_us,راسلنا عبر البريد الإلكتروني,আমাদের ইমেইল করুন,E-Mail an uns,Στείλτε μας email,Email us,Envíanos un email,ایمیل به ما,Nous contacter,שלח לנו אימייל,हमें ईमेल करें,Írjon nekünk,Email kami,Contattaci via email,メールでのお問い合わせ,이메일 문의,E-mel kami,ကျွန်ုပ်တို့ထံ အီးမေးလ်ပို့ပါ,E-mail ons,Napisz do nas,Envie-nos um e-mail,Trimite-ne un email,Связаться с нами,Pošaljite nam e-mail,อีเมลถึงเรา,Bize e-posta gönderin,Написати нам,Gửi email cho chúng tôi,寫信給我們,发邮件给我们
video_sources_screen_title,مصادر الفيديو,ভিডিও উৎস,Videoquellen,Πηγές βίντεο,Video Sources,Fuentes de video,منابع ویدیو,Sources vidéo,מקורות וידאו,वीडियो स्रोत,Videóforrások,Sumber video,Sorgenti video,ビデオソース,비디오 소스,Sumber video,ဗီဒီယိုရင်းမြစ်များ,Videobronnen,Źródła wideo,Fontes de vídeo,Surse video,Источники видео,Izvori videa,แหล่งวิดีโอ,Video kaynakları,Джерела відео,Nguồn video,視訊來源,视频来源
video_sources_screen_body,إدارة مصادر الفيديو، إضافة أو تعديل مناطق الكشف.,"ভিডিও উৎস পরিচালনা করুন, ডিটেকশন জোন যোগ করুন বা পরিবর্তন করুন।","Videoquellen verwalten, Erkennungszonen hinzufügen oder ändern.","Διαχείριση πηγών βίντεο, προσθήκη ή τροποποίηση ζωνών ανίχνευσης.",Manage video sources, add or modify detection zones.,"Gestiona fuentes de vídeo, añade o modifica zonas de detección.",مدیریت منابع ویدیو، افزودن یا تغییر مناطق تشخیص.,"Gérer les sources vidéo, ajouter ou modifier les zones de détection.",נהל מקורות וידאו, הוסף או שנה אזורי זיהוי.,"वीडियो स्रोतों का प्रबंधन करें, डिटेक्शन ज़ोन जोड़ें या संशोधित करें।","Videóforrások kezelése, felismerési zónák hozzáadása vagy módosítása.",Kelola sumber video, tambah atau ubah zona deteksi.,"Gestisci fonti video, aggiungi o modifica le zone di rilevamento.",ビデオソースを管理し、検出ゾーンを追加または変更します。,비디오 소스를 관리하고 감지 영역을 추가하거나 수정하세요.,Urus sumber video, tambah atau ubah zon pengesanan.,ဗီဒီယိုရင်းမြစ်များကို စီမံပြီး ရှာဖွေဧရိယာများကို ထည့်သွင်း သို့မဟုတ် ပြင်ဆင်ပါ။,"Videobronnen beheren, detectiezones toevoegen of wijzigen.","Zarządzaj źródłami wideo, dodawaj lub zmieniaj strefy wykrywania.","Gerencie fontes de vídeo, adicione ou modifique zonas de detecção.","Gestionați sursele video, adăugați sau modificați zonele de detectare.",Управляйте источниками видео, добавляйте или изменяйте зоны обнаружения.,Upravljajte izvorima videa, dodajte ili izmenite zone detekcije.,จัดการแหล่งวิดีโอ เพิ่มหรือแก้ไขโซนตรวจจับ,"Video kaynaklarını yönetin, algılama bölgeleri ekleyin veya değiştirin.",Керуйте джерелами відео, додавайте або змінюйте зони виявлення.,Quản lý nguồn video, thêm hoặc sửa vùng phát hiện.,管理視訊來源，新增或修改偵測區域。,管理视频来源，添加或修改检测区域。
video_sources_load_error,تعذر تحميل مصادر الفيديو.,ভিডিও উৎস লোড করা যায়নি।,Videoquellen konnten nicht geladen werden.,Δεν ήταν δυνατή η φόρτωση των πηγών βίντεο.,Failed to load video sources.,No se pudieron cargar las fuentes de video.,بارگیری منابع ویدیو انجام نشد.,Impossible de charger les sources vidéo.,לא ניתן לטעון את מקורות הווידאו.,वीडियो स्रोत लोड नहीं हो सके।,Nem sikerült betölteni a videóforrásokat.,Gagal memuat sumber video.,Impossibile caricare le sorgenti video.,ビデオソースを読み込めませんでした。,비디오 소스를 불러오지 못했습니다.,Gagal memuatkan sumber video.,ဗီဒီယိုရင်းမြစ်များကို ဖွင့်မရပါ။,Videobronnen konden niet worden geladen.,Nie udało się załadować źródeł wideo.,Não foi possível carregar as fontes de vídeo.,Nu s-au putut încărca sursele video.,Не удалось загрузить источники видео.,Nije moguće učitati izvore videa.,โหลดแหล่งวิดีโอไม่สำเร็จ,Video kaynakları yüklenemedi.,Не вдалося завантажити джерела відео.,Không thể tải nguồn video.,無法載入視訊來源。,无法加载视频来源。
video_sources_file_hint,اختر فيديو من جهازك,আপনার ডিভাইস থেকে একটি ভিডিও বাছুন,Wähle ein Video von deinem Gerät aus,Επιλέξτε ένα βίντεο από τη συσκευή σας,Pick a video from your device,Elige un video de tu dispositivo,یک ویدیو از دستگاه خود انتخاب کنید,Choisissez une vidéo depuis votre appareil,בחר סרטון מהמכשיר שלך,अपने डिवाइस से एक वीडियो चुनें,Válassz egy videót az eszközödről,Pilih video dari perangkat Anda,Scegli un video dal tuo dispositivo,端末から動画を選択,기기에서 동영상을 선택하세요,Pilih video daripada peranti anda,သင့်စက်မှ ဗီဒီယိုတစ်ခု ရွေးပါ,Kies een video van je apparaat,Wybierz wideo z urządzenia,Escolha um vídeo do seu dispositivo,Alege un videoclip de pe dispozitivul tău,Выберите видео с вашего устройства,Izaberite video sa svog uređaja,เลือกวิดีโอจากอุปกรณ์ของคุณ,Cihazınızdan bir video seçin,Виберіть відео зі свого пристрою,Chọn một video từ thiết bị của bạn,從裝置選擇影片,从设备中选择视频
video_sources_import_error,تعذر استيراد ملف الفيديو.,ভিডিও ফাইল ইম্পোর্ট করা যায়নি।,Videodatei konnte nicht importiert werden.,Δεν ήταν δυνατή η εισαγωγή του αρχείου βίντεο.,Failed to import video file.,No se pudo importar el archivo de video.,وارد کردن فایل ویدیو انجام نشد.,Impossible d'importer le fichier vidéo.,לא ניתן לייבא את קובץ הווידאו.,वीडियो फ़ाइल आयात नहीं हो सकी।,Nem sikerült importálni a videófájlt.,Gagal mengimpor file video.,Impossibile importare il file video.,動画ファイルをインポートできませんでした。,동영상 파일을 가져오지 못했습니다.,Gagal mengimport fail video.,ဗီဒီယိုဖိုင်ကို တင်သွင်းမရပါ။,Videobestand kon niet worden geïmporteerd.,Nie udało się zaimportować pliku wideo.,Não foi possível importar o arquivo de vídeo.,Nu s-a putut importa fișierul video.,Не удалось импортировать видеофайл.,Nije moguće uvesti video fajl.,นำเข้าไฟล์วิดีโอไม่สำเร็จ,Video dosyası içe aktarılamadı.,Не вдалося імпортувати відеофайл.,Không thể nhập tệp video.,無法匯入影片檔案。,无法导入视频文件。
cancel,Cancel,Cancel,Cancel,Cancel,Cancel,Cancel,Cancel,Cancel,Cancel,Cancel,Cancel,Cancel,Cancel,Cancel,Cancel,Cancel,Cancel,Cancel,Cancel,Cancel,Cancel,Cancel,Cancel,Cancel,Cancel,Cancel,Cancel,Cancel,Cancel
settings_screen_data_server_label,Data Server,Data Server,Data Server,Data Server,Data Server,Data Server,Data Server,Data Server,Data Server,Data Server,Data Server,Data Server,Data Server,Data Server,Data Server,Data Server,Data Server,Data Server,Data Server,Data Server,Data Server,Data Server,Data Server,Data Server,Data Server,Data Server,Data Server,Data Server,Data Server
settings_screen_piyuo_cloud_title,Use Piyuo Cloud,Use Piyuo Cloud,Use Piyuo Cloud,Use Piyuo Cloud,Use Piyuo Cloud,Use Piyuo Cloud,Use Piyuo Cloud,Use Piyuo Cloud,Use Piyuo Cloud,Use Piyuo Cloud,Use Piyuo Cloud,Use Piyuo Cloud,Use Piyuo Cloud,Use Piyuo Cloud,Use Piyuo Cloud,Use Piyuo Cloud,Use Piyuo Cloud,Use Piyuo Cloud,Use Piyuo Cloud,Use Piyuo Cloud,Use Piyuo Cloud,Use Piyuo Cloud,Use Piyuo Cloud,Use Piyuo Cloud,Use Piyuo Cloud,Use Piyuo Cloud,Use Piyuo Cloud,Use Piyuo Cloud,Use Piyuo Cloud
settings_screen_piyuo_cloud_body,Send results to our cloud service.,Send results to our cloud service.,Send results to our cloud service.,Send results to our cloud service.,Send results to our cloud service.,Send results to our cloud service.,Send results to our cloud service.,Send results to our cloud service.,Send results to our cloud service.,Send results to our cloud service.,Send results to our cloud service.,Send results to our cloud service.,Send results to our cloud service.,Send results to our cloud service.,Send results to our cloud service.,Send results to our cloud service.,Send results to our cloud service.,Send results to our cloud service.,Send results to our cloud service.,Send results to our cloud service.,Send results to our cloud service.,Send results to our cloud service.,Send results to our cloud service.,Send results to our cloud service.,Send results to our cloud service.,Send results to our cloud service.,Send results to our cloud service.,Send results to our cloud service.,Send results to our cloud service.
settings_screen_custom_server_title,Use your own server,Use your own server,Use your own server,Use your own server,Use your own server,Use your own server,Use your own server,Use your own server,Use your own server,Use your own server,Use your own server,Use your own server,Use your own server,Use your own server,Use your own server,Use your own server,Use your own server,Use your own server,Use your own server,Use your own server,Use your own server,Use your own server,Use your own server,Use your own server,Use your own server,Use your own server,Use your own server,Use your own server,Use your own server
settings_screen_custom_server_body,We will help set up a local server.,We will help set up a local server.,We will help set up a local server.,We will help set up a local server.,We will help set up a local server.,We will help set up a local server.,We will help set up a local server.,We will help set up a local server.,We will help set up a local server.,We will help set up a local server.,We will help set up a local server.,We will help set up a local server.,We will help set up a local server.,We will help set up a local server.,We will help set up a local server.,We will help set up a local server.,We will help set up a local server.,We will help set up a local server.,We will help set up a local server.,We will help set up a local server.,We will help set up a local server.,We will help set up a local server.,We will help set up a local server.,We will help set up a local server.,We will help set up a local server.,We will help set up a local server.,We will help set up a local server.,We will help set up a local server.,We will help set up a local server.
settings_screen_demo_mode_title,Demo mode,Demo mode,Demo mode,Demo mode,Demo mode,Demo mode,Demo mode,Demo mode,Demo mode,Demo mode,Demo mode,Demo mode,Demo mode,Demo mode,Demo mode,Demo mode,Demo mode,Demo mode,Demo mode,Demo mode,Demo mode,Demo mode,Demo mode,Demo mode,Demo mode,Demo mode,Demo mode,Demo mode,Demo mode
settings_screen_demo_mode_body,Test only. Data is not exported.,Test only. Data is not exported.,Test only. Data is not exported.,Test only. Data is not exported.,Test only. Data is not exported.,Test only. Data is not exported.,Test only. Data is not exported.,Test only. Data is not exported.,Test only. Data is not exported.,Test only. Data is not exported.,Test only. Data is not exported.,Test only. Data is not exported.,Test only. Data is not exported.,Test only. Data is not exported.,Test only. Data is not exported.,Test only. Data is not exported.,Test only. Data is not exported.,Test only. Data is not exported.,Test only. Data is not exported.,Test only. Data is not exported.,Test only. Data is not exported.,Test only. Data is not exported.,Test only. Data is not exported.,Test only. Data is not exported.,Test only. Data is not exported.,Test only. Data is not exported.,Test only. Data is not exported.,Test only. Data is not exported.,Test only. Data is not exported.
settings_screen_parameters_label,Parameters,Parameters,Parameters,Parameters,Parameters,Parameters,Parameters,Parameters,Parameters,Parameters,Parameters,Parameters,Parameters,Parameters,Parameters,Parameters,Parameters,Parameters,Parameters,Parameters,Parameters,Parameters,Parameters,Parameters,Parameters,Parameters,Parameters,Parameters,Parameters
settings_screen_detection_label,Detection,Detection,Detection,Detection,Detection,Detection,Detection,Detection,Detection,Detection,Detection,Detection,Detection,Detection,Detection,Detection,Detection,Detection,Detection,Detection,Detection,Detection,Detection,Detection,Detection,Detection,Detection,Detection,Detection
settings_screen_delivery_label,Delivery,Delivery,Delivery,Delivery,Delivery,Delivery,Delivery,Delivery,Delivery,Delivery,Delivery,Delivery,Delivery,Delivery,Delivery,Delivery,Delivery,Delivery,Delivery,Delivery,Delivery,Delivery,Delivery,Delivery,Delivery,Delivery,Delivery,Delivery,Delivery
settings_screen_subscription_title,Subscription,Subscription,Subscription,Subscription,Subscription,Subscription,Subscription,Subscription,Subscription,Subscription,Subscription,Subscription,Subscription,Subscription,Subscription,Subscription,Subscription,Subscription,Subscription,Subscription,Subscription,Subscription,Subscription,Subscription,Subscription,Subscription,Subscription,Subscription,Subscription
settings_screen_subscription_body,Manage your subscription and billing details.,Manage your subscription and billing details.,Manage your subscription and billing details.,Manage your subscription and billing details.,Manage your subscription and billing details.,Manage your subscription and billing details.,Manage your subscription and billing details.,Manage your subscription and billing details.,Manage your subscription and billing details.,Manage your subscription and billing details.,Manage your subscription and billing details.,Manage your subscription and billing details.,Manage your subscription and billing details.,Manage your subscription and billing details.,Manage your subscription and billing details.,Manage your subscription and billing details.,Manage your subscription and billing details.,Manage your subscription and billing details.,Manage your subscription and billing details.,Manage your subscription and billing details.,Manage your subscription and billing details.,Manage your subscription and billing details.,Manage your subscription and billing details.,Manage your subscription and billing details.,Manage your subscription and billing details.,Manage your subscription and billing details.,Manage your subscription and billing details.,Manage your subscription and billing details.,Manage your subscription and billing details.
settings_screen_reset_all_data_title,Reset all data?,Reset all data?,Reset all data?,Reset all data?,Reset all data?,Reset all data?,Reset all data?,Reset all data?,Reset all data?,Reset all data?,Reset all data?,Reset all data?,Reset all data?,Reset all data?,Reset all data?,Reset all data?,Reset all data?,Reset all data?,Reset all data?,Reset all data?,Reset all data?,Reset all data?,Reset all data?,Reset all data?,Reset all data?,Reset all data?,Reset all data?,Reset all data?,Reset all data?
settings_screen_reset_all_data_body,This will erase all data and start from the beginning. This action cannot be undone.,This will erase all data and start from the beginning. This action cannot be undone.,This will erase all data and start from the beginning. This action cannot be undone.,This will erase all data and start from the beginning. This action cannot be undone.,This will erase all data and start from the beginning. This action cannot be undone.,This will erase all data and start from the beginning. This action cannot be undone.,This will erase all data and start from the beginning. This action cannot be undone.,This will erase all data and start from the beginning. This action cannot be undone.,This will erase all data and start from the beginning. This action cannot be undone.,This will erase all data and start from the beginning. This action cannot be undone.,This will erase all data and start from the beginning. This action cannot be undone.,This will erase all data and start from the beginning. This action cannot be undone.,This will erase all data and start from the beginning. This action cannot be undone.,This will erase all data and start from the beginning. This action cannot be undone.,This will erase all data and start from the beginning. This action cannot be undone.,This will erase all data and start from the beginning. This action cannot be undone.,This will erase all data and start from the beginning. This action cannot be undone.,This will erase all data and start from the beginning. This action cannot be undone.,This will erase all data and start from the beginning. This action cannot be undone.,This will erase all data and start from the beginning. This action cannot be undone.,This will erase all data and start from the beginning. This action cannot be undone.,This will erase all data and start from the beginning. This action cannot be undone.,This will erase all data and start from the beginning. This action cannot be undone.,This will erase all data and start from the beginning. This action cannot be undone.,This will erase all data and start from the beginning. This action cannot be undone.,This will erase all data and start from the beginning. This action cannot be undone.,This will erase all data and start from the beginning. This action cannot be undone.,This will erase all data and start from the beginning. This action cannot be undone.,This will erase all data and start from the beginning. This action cannot be undone.
upload_logs_screen_title,Upload Logs,Upload Logs,Upload Logs,Upload Logs,Upload Logs,Upload Logs,Upload Logs,Upload Logs,Upload Logs,Upload Logs,Upload Logs,Upload Logs,Upload Logs,Upload Logs,Upload Logs,Upload Logs,Upload Logs,Upload Logs,Upload Logs,Upload Logs,Upload Logs,Upload Logs,Upload Logs,Upload Logs,Upload Logs,Upload Logs,Upload Logs,Upload Logs,Upload Logs
upload_logs_screen_upload_now_action,Upload Now,Upload Now,Upload Now,Upload Now,Upload Now,Upload Now,Upload Now,Upload Now,Upload Now,Upload Now,Upload Now,Upload Now,Upload Now,Upload Now,Upload Now,Upload Now,Upload Now,Upload Now,Upload Now,Upload Now,Upload Now,Upload Now,Upload Now,Upload Now,Upload Now,Upload Now,Upload Now,Upload Now,Upload Now
upload_logs_screen_uploading_action,Uploading...,Uploading...,Uploading...,Uploading...,Uploading...,Uploading...,Uploading...,Uploading...,Uploading...,Uploading...,Uploading...,Uploading...,Uploading...,Uploading...,Uploading...,Uploading...,Uploading...,Uploading...,Uploading...,Uploading...,Uploading...,Uploading...,Uploading...,Uploading...,Uploading...,Uploading...,Uploading...,Uploading...,Uploading...
upload_logs_screen_set_data_server_first_body,Please set the Data Server first.,Please set the Data Server first.,Please set the Data Server first.,Please set the Data Server first.,Please set the Data Server first.,Please set the Data Server first.,Please set the Data Server first.,Please set the Data Server first.,Please set the Data Server first.,Please set the Data Server first.,Please set the Data Server first.,Please set the Data Server first.,Please set the Data Server first.,Please set the Data Server first.,Please set the Data Server first.,Please set the Data Server first.,Please set the Data Server first.,Please set the Data Server first.,Please set the Data Server first.,Please set the Data Server first.,Please set the Data Server first.,Please set the Data Server first.,Please set the Data Server first.,Please set the Data Server first.,Please set the Data Server first.,Please set the Data Server first.,Please set the Data Server first.,Please set the Data Server first.,Please set the Data Server first.
upload_logs_screen_check_data_server_error_prefix,Unable to check Data Server: ,Unable to check Data Server: ,Unable to check Data Server: ,Unable to check Data Server: ,Unable to check Data Server: ,Unable to check Data Server: ,Unable to check Data Server: ,Unable to check Data Server: ,Unable to check Data Server: ,Unable to check Data Server: ,Unable to check Data Server: ,Unable to check Data Server: ,Unable to check Data Server: ,Unable to check Data Server: ,Unable to check Data Server: ,Unable to check Data Server: ,Unable to check Data Server: ,Unable to check Data Server: ,Unable to check Data Server: ,Unable to check Data Server: ,Unable to check Data Server: ,Unable to check Data Server: ,Unable to check Data Server: ,Unable to check Data Server: ,Unable to check Data Server: ,Unable to check Data Server: ,Unable to check Data Server: ,Unable to check Data Server: ,Unable to check Data Server:
upload_logs_screen_upload_failed_unknown,Upload failed due to an unknown error.,Upload failed due to an unknown error.,Upload failed due to an unknown error.,Upload failed due to an unknown error.,Upload failed due to an unknown error.,Upload failed due to an unknown error.,Upload failed due to an unknown error.,Upload failed due to an unknown error.,Upload failed due to an unknown error.,Upload failed due to an unknown error.,Upload failed due to an unknown error.,Upload failed due to an unknown error.,Upload failed due to an unknown error.,Upload failed due to an unknown error.,Upload failed due to an unknown error.,Upload failed due to an unknown error.,Upload failed due to an unknown error.,Upload failed due to an unknown error.,Upload failed due to an unknown error.,Upload failed due to an unknown error.,Upload failed due to an unknown error.,Upload failed due to an unknown error.,Upload failed due to an unknown error.,Upload failed due to an unknown error.,Upload failed due to an unknown error.,Upload failed due to an unknown error.,Upload failed due to an unknown error.,Upload failed due to an unknown error.,Upload failed due to an unknown error.
upload_logs_screen_upload_failed_prefix,Upload failed: ,Upload failed: ,Upload failed: ,Upload failed: ,Upload failed: ,Upload failed: ,Upload failed: ,Upload failed: ,Upload failed: ,Upload failed: ,Upload failed: ,Upload failed: ,Upload failed: ,Upload failed: ,Upload failed: ,Upload failed: ,Upload failed: ,Upload failed: ,Upload failed: ,Upload failed: ,Upload failed: ,Upload failed: ,Upload failed: ,Upload failed: ,Upload failed: ,Upload failed: ,Upload failed: ,Upload failed: ,Upload failed:
upload_logs_screen_uploaded_success,Uploaded payloads to remote server.,Uploaded payloads to remote server.,Uploaded payloads to remote server.,Uploaded payloads to remote server.,Uploaded payloads to remote server.,Uploaded payloads to remote server.,Uploaded payloads to remote server.,Uploaded payloads to remote server.,Uploaded payloads to remote server.,Uploaded payloads to remote server.,Uploaded payloads to remote server.,Uploaded payloads to remote server.,Uploaded payloads to remote server.,Uploaded payloads to remote server.,Uploaded payloads to remote server.,Uploaded payloads to remote server.,Uploaded payloads to remote server.,Uploaded payloads to remote server.,Uploaded payloads to remote server.,Uploaded payloads to remote server.,Uploaded payloads to remote server.,Uploaded payloads to remote server.,Uploaded payloads to remote server.,Uploaded payloads to remote server.,Uploaded payloads to remote server.,Uploaded payloads to remote server.,Uploaded payloads to remote server.,Uploaded payloads to remote server.,Uploaded payloads to remote server.
upload_logs_screen_empty_body,No upload logs yet.,No upload logs yet.,No upload logs yet.,No upload logs yet.,No upload logs yet.,No upload logs yet.,No upload logs yet.,No upload logs yet.,No upload logs yet.,No upload logs yet.,No upload logs yet.,No upload logs yet.,No upload logs yet.,No upload logs yet.,No upload logs yet.,No upload logs yet.,No upload logs yet.,No upload logs yet.,No upload logs yet.,No upload logs yet.,No upload logs yet.,No upload logs yet.,No upload logs yet.,No upload logs yet.,No upload logs yet.,No upload logs yet.,No upload logs yet.,No upload logs yet.,No upload logs yet.
upload_logs_screen_payloads_unit,payloads,payloads,payloads,payloads,payloads,payloads,payloads,payloads,payloads,payloads,payloads,payloads,payloads,payloads,payloads,payloads,payloads,payloads,payloads,payloads,payloads,payloads,payloads,payloads,payloads,payloads,payloads,payloads,payloads
upload_logs_screen_detail_unavailable_body,Upload log detail is no longer available.,Upload log detail is no longer available.,Upload log detail is no longer available.,Upload log detail is no longer available.,Upload log detail is no longer available.,Upload log detail is no longer available.,Upload log detail is no longer available.,Upload log detail is no longer available.,Upload log detail is no longer available.,Upload log detail is no longer available.,Upload log detail is no longer available.,Upload log detail is no longer available.,Upload log detail is no longer available.,Upload log detail is no longer available.,Upload log detail is no longer available.,Upload log detail is no longer available.,Upload log detail is no longer available.,Upload log detail is no longer available.,Upload log detail is no longer available.,Upload log detail is no longer available.,Upload log detail is no longer available.,Upload log detail is no longer available.,Upload log detail is no longer available.,Upload log detail is no longer available.,Upload log detail is no longer available.,Upload log detail is no longer available.,Upload log detail is no longer available.,Upload log detail is no longer available.,Upload log detail is no longer available.
upload_logs_screen_load_error,Unable to load upload logs.,Unable to load upload logs.,Unable to load upload logs.,Unable to load upload logs.,Unable to load upload logs.,Unable to load upload logs.,Unable to load upload logs.,Unable to load upload logs.,Unable to load upload logs.,Unable to load upload logs.,Unable to load upload logs.,Unable to load upload logs.,Unable to load upload logs.,Unable to load upload logs.,Unable to load upload logs.,Unable to load upload logs.,Unable to load upload logs.,Unable to load upload logs.,Unable to load upload logs.,Unable to load upload logs.,Unable to load upload logs.,Unable to load upload logs.,Unable to load upload logs.,Unable to load upload logs.,Unable to load upload logs.,Unable to load upload logs.,Unable to load upload logs.,Unable to load upload logs.,Unable to load upload logs.
upload_logs_screen_retry_action,Retry,Retry,Retry,Retry,Retry,Retry,Retry,Retry,Retry,Retry,Retry,Retry,Retry,Retry,Retry,Retry,Retry,Retry,Retry,Retry,Retry,Retry,Retry,Retry,Retry,Retry,Retry,Retry,Retry
upload_logs_screen_next_upload_pending,Next upload at ...,Next upload at ...,Next upload at ...,Next upload at ...,Next upload at ...,Next upload at ...,Next upload at ...,Next upload at ...,Next upload at ...,Next upload at ...,Next upload at ...,Next upload at ...,Next upload at ...,Next upload at ...,Next upload at ...,Next upload at ...,Next upload at ...,Next upload at ...,Next upload at ...,Next upload at ...,Next upload at ...,Next upload at ...,Next upload at ...,Next upload at ...,Next upload at ...,Next upload at ...,Next upload at ...,Next upload at ...,Next upload at ...
upload_logs_screen_next_upload_prefix,Next upload at ,Next upload at ,Next upload at ,Next upload at ,Next upload at ,Next upload at ,Next upload at ,Next upload at ,Next upload at ,Next upload at ,Next upload at ,Next upload at ,Next upload at ,Next upload at ,Next upload at ,Next upload at ,Next upload at ,Next upload at ,Next upload at ,Next upload at ,Next upload at ,Next upload at ,Next upload at ,Next upload at ,Next upload at ,Next upload at ,Next upload at ,Next upload at ,Next upload at
upload_logs_screen_today_label,Today,Today,Today,Today,Today,Today,Today,Today,Today,Today,Today,Today,Today,Today,Today,Today,Today,Today,Today,Today,Today,Today,Today,Today,Today,Today,Today,Today,Today
upload_logs_screen_yesterday_label,Yesterday,Yesterday,Yesterday,Yesterday,Yesterday,Yesterday,Yesterday,Yesterday,Yesterday,Yesterday,Yesterday,Yesterday,Yesterday,Yesterday,Yesterday,Yesterday,Yesterday,Yesterday,Yesterday,Yesterday,Yesterday,Yesterday,Yesterday,Yesterday,Yesterday,Yesterday,Yesterday,Yesterday,Yesterday
upload_config_screen_title,Delivery Settings,Delivery Settings,Delivery Settings,Delivery Settings,Delivery Settings,Delivery Settings,Delivery Settings,Delivery Settings,Delivery Settings,Delivery Settings,Delivery Settings,Delivery Settings,Delivery Settings,Delivery Settings,Delivery Settings,Delivery Settings,Delivery Settings,Delivery Settings,Delivery Settings,Delivery Settings,Delivery Settings,Delivery Settings,Delivery Settings,Delivery Settings,Delivery Settings,Delivery Settings,Delivery Settings,Delivery Settings,Delivery Settings
upload_config_screen_body,Configure delivery settings for telemetry uploads.,Configure delivery settings for telemetry uploads.,Configure delivery settings for telemetry uploads.,Configure delivery settings for telemetry uploads.,Configure delivery settings for telemetry uploads.,Configure delivery settings for telemetry uploads.,Configure delivery settings for telemetry uploads.,Configure delivery settings for telemetry uploads.,Configure delivery settings for telemetry uploads.,Configure delivery settings for telemetry uploads.,Configure delivery settings for telemetry uploads.,Configure delivery settings for telemetry uploads.,Configure delivery settings for telemetry uploads.,Configure delivery settings for telemetry uploads.,Configure delivery settings for telemetry uploads.,Configure delivery settings for telemetry uploads.,Configure delivery settings for telemetry uploads.,Configure delivery settings for telemetry uploads.,Configure delivery settings for telemetry uploads.,Configure delivery settings for telemetry uploads.,Configure delivery settings for telemetry uploads.,Configure delivery settings for telemetry uploads.,Configure delivery settings for telemetry uploads.,Configure delivery settings for telemetry uploads.,Configure delivery settings for telemetry uploads.,Configure delivery settings for telemetry uploads.,Configure delivery settings for telemetry uploads.,Configure delivery settings for telemetry uploads.,Configure delivery settings for telemetry uploads.
upload_config_screen_load_error,Failed to load delivery settings.,Failed to load delivery settings.,Failed to load delivery settings.,Failed to load delivery settings.,Failed to load delivery settings.,Failed to load delivery settings.,Failed to load delivery settings.,Failed to load delivery settings.,Failed to load delivery settings.,Failed to load delivery settings.,Failed to load delivery settings.,Failed to load delivery settings.,Failed to load delivery settings.,Failed to load delivery settings.,Failed to load delivery settings.,Failed to load delivery settings.,Failed to load delivery settings.,Failed to load delivery settings.,Failed to load delivery settings.,Failed to load delivery settings.,Failed to load delivery settings.,Failed to load delivery settings.,Failed to load delivery settings.,Failed to load delivery settings.,Failed to load delivery settings.,Failed to load delivery settings.,Failed to load delivery settings.,Failed to load delivery settings.,Failed to load delivery settings.
upload_config_screen_reset_title,Reset delivery settings?,Reset delivery settings?,Reset delivery settings?,Reset delivery settings?,Reset delivery settings?,Reset delivery settings?,Reset delivery settings?,Reset delivery settings?,Reset delivery settings?,Reset delivery settings?,Reset delivery settings?,Reset delivery settings?,Reset delivery settings?,Reset delivery settings?,Reset delivery settings?,Reset delivery settings?,Reset delivery settings?,Reset delivery settings?,Reset delivery settings?,Reset delivery settings?,Reset delivery settings?,Reset delivery settings?,Reset delivery settings?,Reset delivery settings?,Reset delivery settings?,Reset delivery settings?,Reset delivery settings?,Reset delivery settings?,Reset delivery settings?
upload_config_screen_reset_body,"This restores upload cadence, batching, and timeout to defaults.","This restores upload cadence, batching, and timeout to defaults.","This restores upload cadence, batching, and timeout to defaults.","This restores upload cadence, batching, and timeout to defaults.","This restores upload cadence, batching, and timeout to defaults.","This restores upload cadence, batching, and timeout to defaults.","This restores upload cadence, batching, and timeout to defaults.","This restores upload cadence, batching, and timeout to defaults.","This restores upload cadence, batching, and timeout to defaults.","This restores upload cadence, batching, and timeout to defaults.","This restores upload cadence, batching, and timeout to defaults.","This restores upload cadence, batching, and timeout to defaults.","This restores upload cadence, batching, and timeout to defaults.","This restores upload cadence, batching, and timeout to defaults.","This restores upload cadence, batching, and timeout to defaults.","This restores upload cadence, batching, and timeout to defaults.","This restores upload cadence, batching, and timeout to defaults.","This restores upload cadence, batching, and timeout to defaults.","This restores upload cadence, batching, and timeout to defaults.","This restores upload cadence, batching, and timeout to defaults.","This restores upload cadence, batching, and timeout to defaults.","This restores upload cadence, batching, and timeout to defaults.","This restores upload cadence, batching, and timeout to defaults.","This restores upload cadence, batching, and timeout to defaults.","This restores upload cadence, batching, and timeout to defaults.","This restores upload cadence, batching, and timeout to defaults.","This restores upload cadence, batching, and timeout to defaults.","This restores upload cadence, batching, and timeout to defaults.","This restores upload cadence, batching, and timeout to defaults."
upload_config_screen_wall_clock_cadence_title,Wall-Clock Upload Cadence,Wall-Clock Upload Cadence,Wall-Clock Upload Cadence,Wall-Clock Upload Cadence,Wall-Clock Upload Cadence,Wall-Clock Upload Cadence,Wall-Clock Upload Cadence,Wall-Clock Upload Cadence,Wall-Clock Upload Cadence,Wall-Clock Upload Cadence,Wall-Clock Upload Cadence,Wall-Clock Upload Cadence,Wall-Clock Upload Cadence,Wall-Clock Upload Cadence,Wall-Clock Upload Cadence,Wall-Clock Upload Cadence,Wall-Clock Upload Cadence,Wall-Clock Upload Cadence,Wall-Clock Upload Cadence,Wall-Clock Upload Cadence,Wall-Clock Upload Cadence,Wall-Clock Upload Cadence,Wall-Clock Upload Cadence,Wall-Clock Upload Cadence,Wall-Clock Upload Cadence,Wall-Clock Upload Cadence,Wall-Clock Upload Cadence,Wall-Clock Upload Cadence,Wall-Clock Upload Cadence
upload_config_screen_wall_clock_cadence_body,How often pending telemetry is uploaded on minute-aligned boundaries.,How often pending telemetry is uploaded on minute-aligned boundaries.,How often pending telemetry is uploaded on minute-aligned boundaries.,How often pending telemetry is uploaded on minute-aligned boundaries.,How often pending telemetry is uploaded on minute-aligned boundaries.,How often pending telemetry is uploaded on minute-aligned boundaries.,How often pending telemetry is uploaded on minute-aligned boundaries.,How often pending telemetry is uploaded on minute-aligned boundaries.,How often pending telemetry is uploaded on minute-aligned boundaries.,How often pending telemetry is uploaded on minute-aligned boundaries.,How often pending telemetry is uploaded on minute-aligned boundaries.,How often pending telemetry is uploaded on minute-aligned boundaries.,How often pending telemetry is uploaded on minute-aligned boundaries.,How often pending telemetry is uploaded on minute-aligned boundaries.,How often pending telemetry is uploaded on minute-aligned boundaries.,How often pending telemetry is uploaded on minute-aligned boundaries.,How often pending telemetry is uploaded on minute-aligned boundaries.,How often pending telemetry is uploaded on minute-aligned boundaries.,How often pending telemetry is uploaded on minute-aligned boundaries.,How often pending telemetry is uploaded on minute-aligned boundaries.,How often pending telemetry is uploaded on minute-aligned boundaries.,How often pending telemetry is uploaded on minute-aligned boundaries.,How often pending telemetry is uploaded on minute-aligned boundaries.,How often pending telemetry is uploaded on minute-aligned boundaries.,How often pending telemetry is uploaded on minute-aligned boundaries.,How often pending telemetry is uploaded on minute-aligned boundaries.,How often pending telemetry is uploaded on minute-aligned boundaries.,How often pending telemetry is uploaded on minute-aligned boundaries.,How often pending telemetry is uploaded on minute-aligned boundaries.
upload_config_screen_frequent_label,Frequent,Frequent,Frequent,Frequent,Frequent,Frequent,Frequent,Frequent,Frequent,Frequent,Frequent,Frequent,Frequent,Frequent,Frequent,Frequent,Frequent,Frequent,Frequent,Frequent,Frequent,Frequent,Frequent,Frequent,Frequent,Frequent,Frequent,Frequent,Frequent
upload_config_screen_sparse_label,Sparse,Sparse,Sparse,Sparse,Sparse,Sparse,Sparse,Sparse,Sparse,Sparse,Sparse,Sparse,Sparse,Sparse,Sparse,Sparse,Sparse,Sparse,Sparse,Sparse,Sparse,Sparse,Sparse,Sparse,Sparse,Sparse,Sparse,Sparse,Sparse
upload_config_screen_max_batch_size_title,Maximum Batch Size,Maximum Batch Size,Maximum Batch Size,Maximum Batch Size,Maximum Batch Size,Maximum Batch Size,Maximum Batch Size,Maximum Batch Size,Maximum Batch Size,Maximum Batch Size,Maximum Batch Size,Maximum Batch Size,Maximum Batch Size,Maximum Batch Size,Maximum Batch Size,Maximum Batch Size,Maximum Batch Size,Maximum Batch Size,Maximum Batch Size,Maximum Batch Size,Maximum Batch Size,Maximum Batch Size,Maximum Batch Size,Maximum Batch Size,Maximum Batch Size,Maximum Batch Size,Maximum Batch Size,Maximum Batch Size,Maximum Batch Size
upload_config_screen_max_batch_size_body,Max number of payload records sent in one HTTP request.,Max number of payload records sent in one HTTP request.,Max number of payload records sent in one HTTP request.,Max number of payload records sent in one HTTP request.,Max number of payload records sent in one HTTP request.,Max number of payload records sent in one HTTP request.,Max number of payload records sent in one HTTP request.,Max number of payload records sent in one HTTP request.,Max number of payload records sent in one HTTP request.,Max number of payload records sent in one HTTP request.,Max number of payload records sent in one HTTP request.,Max number of payload records sent in one HTTP request.,Max number of payload records sent in one HTTP request.,Max number of payload records sent in one HTTP request.,Max number of payload records sent in one HTTP request.,Max number of payload records sent in one HTTP request.,Max number of payload records sent in one HTTP request.,Max number of payload records sent in one HTTP request.,Max number of payload records sent in one HTTP request.,Max number of payload records sent in one HTTP request.,Max number of payload records sent in one HTTP request.,Max number of payload records sent in one HTTP request.,Max number of payload records sent in one HTTP request.,Max number of payload records sent in one HTTP request.,Max number of payload records sent in one HTTP request.,Max number of payload records sent in one HTTP request.,Max number of payload records sent in one HTTP request.,Max number of payload records sent in one HTTP request.,Max number of payload records sent in one HTTP request.
upload_config_screen_small_label,Small,Small,Small,Small,Small,Small,Small,Small,Small,Small,Small,Small,Small,Small,Small,Small,Small,Small,Small,Small,Small,Small,Small,Small,Small,Small,Small,Small,Small
upload_config_screen_large_label,Large,Large,Large,Large,Large,Large,Large,Large,Large,Large,Large,Large,Large,Large,Large,Large,Large,Large,Large,Large,Large,Large,Large,Large,Large,Large,Large,Large,Large
upload_config_screen_request_timeout_title,Request Timeout,Request Timeout,Request Timeout,Request Timeout,Request Timeout,Request Timeout,Request Timeout,Request Timeout,Request Timeout,Request Timeout,Request Timeout,Request Timeout,Request Timeout,Request Timeout,Request Timeout,Request Timeout,Request Timeout,Request Timeout,Request Timeout,Request Timeout,Request Timeout,Request Timeout,Request Timeout,Request Timeout,Request Timeout,Request Timeout,Request Timeout,Request Timeout,Request Timeout
upload_config_screen_request_timeout_body,HTTP timeout per upload request.,HTTP timeout per upload request.,HTTP timeout per upload request.,HTTP timeout per upload request.,HTTP timeout per upload request.,HTTP timeout per upload request.,HTTP timeout per upload request.,HTTP timeout per upload request.,HTTP timeout per upload request.,HTTP timeout per upload request.,HTTP timeout per upload request.,HTTP timeout per upload request.,HTTP timeout per upload request.,HTTP timeout per upload request.,HTTP timeout per upload request.,HTTP timeout per upload request.,HTTP timeout per upload request.,HTTP timeout per upload request.,HTTP timeout per upload request.,HTTP timeout per upload request.,HTTP timeout per upload request.,HTTP timeout per upload request.,HTTP timeout per upload request.,HTTP timeout per upload request.,HTTP timeout per upload request.,HTTP timeout per upload request.,HTTP timeout per upload request.,HTTP timeout per upload request.,HTTP timeout per upload request.
upload_config_screen_fast_fail_label,Fast fail,Fast fail,Fast fail,Fast fail,Fast fail,Fast fail,Fast fail,Fast fail,Fast fail,Fast fail,Fast fail,Fast fail,Fast fail,Fast fail,Fast fail,Fast fail,Fast fail,Fast fail,Fast fail,Fast fail,Fast fail,Fast fail,Fast fail,Fast fail,Fast fail,Fast fail,Fast fail,Fast fail,Fast fail
upload_config_screen_wait_longer_label,Wait longer,Wait longer,Wait longer,Wait longer,Wait longer,Wait longer,Wait longer,Wait longer,Wait longer,Wait longer,Wait longer,Wait longer,Wait longer,Wait longer,Wait longer,Wait longer,Wait longer,Wait longer,Wait longer,Wait longer,Wait longer,Wait longer,Wait longer,Wait longer,Wait longer,Wait longer,Wait longer,Wait longer,Wait longer
settings_screen_title,Settings,Settings,Settings,Settings,Settings,Settings,Settings,Settings,Settings,Settings,Settings,Settings,Settings,Settings,Settings,Settings,Settings,Settings,Settings,Settings,Settings,Settings,Settings,Settings,Settings,Settings,Settings,Settings,Settings
settings_screen_body,"Set project name, detection parameters, count clearing.","Set project name, detection parameters, count clearing.","Set project name, detection parameters, count clearing.","Set project name, detection parameters, count clearing.","Set project name, detection parameters, count clearing.","Set project name, detection parameters, count clearing.","Set project name, detection parameters, count clearing.","Set project name, detection parameters, count clearing.","Set project name, detection parameters, count clearing.","Set project name, detection parameters, count clearing.","Set project name, detection parameters, count clearing.","Set project name, detection parameters, count clearing.","Set project name, detection parameters, count clearing.","Set project name, detection parameters, count clearing.","Set project name, detection parameters, count clearing.","Set project name, detection parameters, count clearing.","Set project name, detection parameters, count clearing.","Set project name, detection parameters, count clearing.","Set project name, detection parameters, count clearing.","Set project name, detection parameters, count clearing.","Set project name, detection parameters, count clearing.","Set project name, detection parameters, count clearing.","Set project name, detection parameters, count clearing.","Set project name, detection parameters, count clearing.","Set project name, detection parameters, count clearing.","Set project name, detection parameters, count clearing.","Set project name, detection parameters, count clearing.","Set project name, detection parameters, count clearing.","Set project name, detection parameters, count clearing."
detection_type_screen_load_error,Failed to load detection types.,Failed to load detection types.,Failed to load detection types.,Failed to load detection types.,Failed to load detection types.,Failed to load detection types.,Failed to load detection types.,Failed to load detection types.,Failed to load detection types.,Failed to load detection types.,Failed to load detection types.,Failed to load detection types.,Failed to load detection types.,Failed to load detection types.,Failed to load detection types.,Failed to load detection types.,Failed to load detection types.,Failed to load detection types.,Failed to load detection types.,Failed to load detection types.,Failed to load detection types.,Failed to load detection types.,Failed to load detection types.,Failed to load detection types.,Failed to load detection types.,Failed to load detection types.,Failed to load detection types.,Failed to load detection types.,Failed to load detection types.
detection_type_screen_pedestrian_title,Pedestrian,Pedestrian,Pedestrian,Pedestrian,Pedestrian,Pedestrian,Pedestrian,Pedestrian,Pedestrian,Pedestrian,Pedestrian,Pedestrian,Pedestrian,Pedestrian,Pedestrian,Pedestrian,Pedestrian,Pedestrian,Pedestrian,Pedestrian,Pedestrian,Pedestrian,Pedestrian,Pedestrian,Pedestrian,Pedestrian,Pedestrian,Pedestrian,Pedestrian
detection_type_screen_pedestrian_body,Count people using the pedestrian detection model.,Count people using the pedestrian detection model.,Count people using the pedestrian detection model.,Count people using the pedestrian detection model.,Count people using the pedestrian detection model.,Count people using the pedestrian detection model.,Count people using the pedestrian detection model.,Count people using the pedestrian detection model.,Count people using the pedestrian detection model.,Count people using the pedestrian detection model.,Count people using the pedestrian detection model.,Count people using the pedestrian detection model.,Count people using the pedestrian detection model.,Count people using the pedestrian detection model.,Count people using the pedestrian detection model.,Count people using the pedestrian detection model.,Count people using the pedestrian detection model.,Count people using the pedestrian detection model.,Count people using the pedestrian detection model.,Count people using the pedestrian detection model.,Count people using the pedestrian detection model.,Count people using the pedestrian detection model.,Count people using the pedestrian detection model.,Count people using the pedestrian detection model.,Count people using the pedestrian detection model.,Count people using the pedestrian detection model.,Count people using the pedestrian detection model.,Count people using the pedestrian detection model.,Count people using the pedestrian detection model.
detection_type_screen_vehicle_title,Vehicle,Vehicle,Vehicle,Vehicle,Vehicle,Vehicle,Vehicle,Vehicle,Vehicle,Vehicle,Vehicle,Vehicle,Vehicle,Vehicle,Vehicle,Vehicle,Vehicle,Vehicle,Vehicle,Vehicle,Vehicle,Vehicle,Vehicle,Vehicle,Vehicle,Vehicle,Vehicle,Vehicle,Vehicle
detection_type_screen_vehicle_body,Count cars and other vehicles using the vehicle model.,Count cars and other vehicles using the vehicle model.,Count cars and other vehicles using the vehicle model.,Count cars and other vehicles using the vehicle model.,Count cars and other vehicles using the vehicle model.,Count cars and other vehicles using the vehicle model.,Count cars and other vehicles using the vehicle model.,Count cars and other vehicles using the vehicle model.,Count cars and other vehicles using the vehicle model.,Count cars and other vehicles using the vehicle model.,Count cars and other vehicles using the vehicle model.,Count cars and other vehicles using the vehicle model.,Count cars and other vehicles using the vehicle model.,Count cars and other vehicles using the vehicle model.,Count cars and other vehicles using the vehicle model.,Count cars and other vehicles using the vehicle model.,Count cars and other vehicles using the vehicle model.,Count cars and other vehicles using the vehicle model.,Count cars and other vehicles using the vehicle model.,Count cars and other vehicles using the vehicle model.,Count cars and other vehicles using the vehicle model.,Count cars and other vehicles using the vehicle model.,Count cars and other vehicles using the vehicle model.,Count cars and other vehicles using the vehicle model.,Count cars and other vehicles using the vehicle model.,Count cars and other vehicles using the vehicle model.,Count cars and other vehicles using the vehicle model.,Count cars and other vehicles using the vehicle model.,Count cars and other vehicles using the vehicle model.
detection_type_screen_body,Choose which detection model to use for this project.,Choose which detection model to use for this project.,Choose which detection model to use for this project.,Choose which detection model to use for this project.,Choose which detection model to use for this project.,Choose which detection model to use for this project.,Choose which detection model to use for this project.,Choose which detection model to use for this project.,Choose which detection model to use for this project.,Choose which detection model to use for this project.,Choose which detection model to use for this project.,Choose which detection model to use for this project.,Choose which detection model to use for this project.,Choose which detection model to use for this project.,Choose which detection model to use for this project.,Choose which detection model to use for this project.,Choose which detection model to use for this project.,Choose which detection model to use for this project.,Choose which detection model to use for this project.,Choose which detection model to use for this project.,Choose which detection model to use for this project.,Choose which detection model to use for this project.,Choose which detection model to use for this project.,Choose which detection model to use for this project.,Choose which detection model to use for this project.,Choose which detection model to use for this project.,Choose which detection model to use for this project.,Choose which detection model to use for this project.,Choose which detection model to use for this project.
url_screen_body,Enter the live stream URL for your camera source.,Enter the live stream URL for your camera source.,Enter the live stream URL for your camera source.,Enter the live stream URL for your camera source.,Enter the live stream URL for your camera source.,Enter the live stream URL for your camera source.,Enter the live stream URL for your camera source.,Enter the live stream URL for your camera source.,Enter the live stream URL for your camera source.,Enter the live stream URL for your camera source.,Enter the live stream URL for your camera source.,Enter the live stream URL for your camera source.,Enter the live stream URL for your camera source.,Enter the live stream URL for your camera source.,Enter the live stream URL for your camera source.,Enter the live stream URL for your camera source.,Enter the live stream URL for your camera source.,Enter the live stream URL for your camera source.,Enter the live stream URL for your camera source.,Enter the live stream URL for your camera source.,Enter the live stream URL for your camera source.,Enter the live stream URL for your camera source.,Enter the live stream URL for your camera source.,Enter the live stream URL for your camera source.,Enter the live stream URL for your camera source.,Enter the live stream URL for your camera source.,Enter the live stream URL for your camera source.,Enter the live stream URL for your camera source.,Enter the live stream URL for your camera source.
url_screen_url_hint,http://example.com/stream or rtsp://example.com/stream,http://example.com/stream or rtsp://example.com/stream,http://example.com/stream or rtsp://example.com/stream,http://example.com/stream or rtsp://example.com/stream,http://example.com/stream or rtsp://example.com/stream,http://example.com/stream or rtsp://example.com/stream,http://example.com/stream or rtsp://example.com/stream,http://example.com/stream or rtsp://example.com/stream,http://example.com/stream or rtsp://example.com/stream,http://example.com/stream or rtsp://example.com/stream,http://example.com/stream or rtsp://example.com/stream,http://example.com/stream or rtsp://example.com/stream,http://example.com/stream or rtsp://example.com/stream,http://example.com/stream or rtsp://example.com/stream,http://example.com/stream or rtsp://example.com/stream,http://example.com/stream or rtsp://example.com/stream,http://example.com/stream or rtsp://example.com/stream,http://example.com/stream or rtsp://example.com/stream,http://example.com/stream or rtsp://example.com/stream,http://example.com/stream or rtsp://example.com/stream,http://example.com/stream or rtsp://example.com/stream,http://example.com/stream or rtsp://example.com/stream,http://example.com/stream or rtsp://example.com/stream,http://example.com/stream or rtsp://example.com/stream,http://example.com/stream or rtsp://example.com/stream,http://example.com/stream or rtsp://example.com/stream,http://example.com/stream or rtsp://example.com/stream,http://example.com/stream or rtsp://example.com/stream,http://example.com/stream or rtsp://example.com/stream
live_url_screen_examples_label,Example,Example,Example,Example,Example,Example,Example,Example,Example,Example,Example,Example,Example,Example,Example,Example,Example,Example,Example,Example,Example,Example,Example,Example,Example,Example,Example,Example,Example
live_url_screen_url_empty_error,Please enter a live stream URL.,Please enter a live stream URL.,Please enter a live stream URL.,Please enter a live stream URL.,Please enter a live stream URL.,Please enter a live stream URL.,Please enter a live stream URL.,Please enter a live stream URL.,Please enter a live stream URL.,Please enter a live stream URL.,Please enter a live stream URL.,Please enter a live stream URL.,Please enter a live stream URL.,Please enter a live stream URL.,Please enter a live stream URL.,Please enter a live stream URL.,Please enter a live stream URL.,Please enter a live stream URL.,Please enter a live stream URL.,Please enter a live stream URL.,Please enter a live stream URL.,Please enter a live stream URL.,Please enter a live stream URL.,Please enter a live stream URL.,Please enter a live stream URL.,Please enter a live stream URL.,Please enter a live stream URL.,Please enter a live stream URL.,Please enter a live stream URL.
live_url_screen_invalid_url_error,Enter a valid URL with a supported scheme.,Enter a valid URL with a supported scheme.,Enter a valid URL with a supported scheme.,Enter a valid URL with a supported scheme.,Enter a valid URL with a supported scheme.,Enter a valid URL with a supported scheme.,Enter a valid URL with a supported scheme.,Enter a valid URL with a supported scheme.,Enter a valid URL with a supported scheme.,Enter a valid URL with a supported scheme.,Enter a valid URL with a supported scheme.,Enter a valid URL with a supported scheme.,Enter a valid URL with a supported scheme.,Enter a valid URL with a supported scheme.,Enter a valid URL with a supported scheme.,Enter a valid URL with a supported scheme.,Enter a valid URL with a supported scheme.,Enter a valid URL with a supported scheme.,Enter a valid URL with a supported scheme.,Enter a valid URL with a supported scheme.,Enter a valid URL with a supported scheme.,Enter a valid URL with a supported scheme.,Enter a valid URL with a supported scheme.,Enter a valid URL with a supported scheme.,Enter a valid URL with a supported scheme.,Enter a valid URL with a supported scheme.,Enter a valid URL with a supported scheme.,Enter a valid URL with a supported scheme.,Enter a valid URL with a supported scheme.
live_url_screen_invalid_rtsp_error,RTSP URLs must include a host name.,RTSP URLs must include a host name.,RTSP URLs must include a host name.,RTSP URLs must include a host name.,RTSP URLs must include a host name.,RTSP URLs must include a host name.,RTSP URLs must include a host name.,RTSP URLs must include a host name.,RTSP URLs must include a host name.,RTSP URLs must include a host name.,RTSP URLs must include a host name.,RTSP URLs must include a host name.,RTSP URLs must include a host name.,RTSP URLs must include a host name.,RTSP URLs must include a host name.,RTSP URLs must include a host name.,RTSP URLs must include a host name.,RTSP URLs must include a host name.,RTSP URLs must include a host name.,RTSP URLs must include a host name.,RTSP URLs must include a host name.,RTSP URLs must include a host name.,RTSP URLs must include a host name.,RTSP URLs must include a host name.,RTSP URLs must include a host name.,RTSP URLs must include a host name.,RTSP URLs must include a host name.,RTSP URLs must include a host name.,RTSP URLs must include a host name.
live_url_screen_unsupported_scheme_error,Only HTTP, HTTPS, RTSP, and RTSPS URLs are supported.,Only HTTP, HTTPS, RTSP, and RTSPS URLs are supported.,Only HTTP, HTTPS, RTSP, and RTSPS URLs are supported.,Only HTTP, HTTPS, RTSP, and RTSPS URLs are supported.,Only HTTP, HTTPS, RTSP, and RTSPS URLs are supported.,Only HTTP, HTTPS, RTSP, and RTSPS URLs are supported.,Only HTTP, HTTPS, RTSP, and RTSPS URLs are supported.,Only HTTP, HTTPS, RTSP, and RTSPS URLs are supported.,Only HTTP, HTTPS, RTSP, and RTSPS URLs are supported.,Only HTTP, HTTPS, RTSP, and RTSPS URLs are supported.,Only HTTP, HTTPS, RTSP, and RTSPS URLs are supported.,Only HTTP, HTTPS, RTSP, and RTSPS URLs are supported.,Only HTTP, HTTPS, RTSP, and RTSPS URLs are supported.,Only HTTP, HTTPS, RTSP, and RTSPS URLs are supported.,Only HTTP, HTTPS, RTSP, and RTSPS URLs are supported.,Only HTTP, HTTPS, RTSP, and RTSPS URLs are supported.,Only HTTP, HTTPS, RTSP, and RTSPS URLs are supported.,Only HTTP, HTTPS, RTSP, and RTSPS URLs are supported.,Only HTTP, HTTPS, RTSP, and RTSPS URLs are supported.,Only HTTP, HTTPS, RTSP, and RTSPS URLs are supported.,Only HTTP, HTTPS, RTSP, and RTSPS URLs are supported.,Only HTTP, HTTPS, RTSP, and RTSPS URLs are supported.,Only HTTP, HTTPS, RTSP, and RTSPS URLs are supported.,Only HTTP, HTTPS, RTSP, and RTSPS URLs are supported.,Only HTTP, HTTPS, RTSP, and RTSPS URLs are supported.,Only HTTP, HTTPS, RTSP, and RTSPS URLs are supported.,Only HTTP, HTTPS, RTSP, and RTSPS URLs are supported.,Only HTTP, HTTPS, RTSP, and RTSPS URLs are supported.,Only HTTP, HTTPS, RTSP, and RTSPS URLs are supported.
detection_type_screen_title,Detection Type,Detection Type,Detection Type,Detection Type,Detection Type,Detection Type,Detection Type,Detection Type,Detection Type,Detection Type,Detection Type,Detection Type,Detection Type,Detection Type,Detection Type,Detection Type,Detection Type,Detection Type,Detection Type,Detection Type,Detection Type,Detection Type,Detection Type,Detection Type,Detection Type,Detection Type,Detection Type,Detection Type,Detection Type
start_screen_product_title,Piyuo Counter,Piyuo Counter,Piyuo Counter,Piyuo Counter,Piyuo Counter,Piyuo Counter,Piyuo Counter,Piyuo Counter,Piyuo Counter,Piyuo Counter,Piyuo Counter,Piyuo Counter,Piyuo Counter,Piyuo Counter,Piyuo Counter,Piyuo Counter,Piyuo Counter,Piyuo Counter,Piyuo Counter,Piyuo Counter,Piyuo Counter,Piyuo Counter,Piyuo Counter,Piyuo Counter,Piyuo Counter,Piyuo Counter,Piyuo Counter,Piyuo Counter,Piyuo Counter
start_screen_product_body,Pedestrian and vehicle counter with data collection.,Pedestrian and vehicle counter with data collection.,Pedestrian and vehicle counter with data collection.,Pedestrian and vehicle counter with data collection.,Pedestrian and vehicle counter with data collection.,Pedestrian and vehicle counter with data collection.,Pedestrian and vehicle counter with data collection.,Pedestrian and vehicle counter with data collection.,Pedestrian and vehicle counter with data collection.,Pedestrian and vehicle counter with data collection.,Pedestrian and vehicle counter with data collection.,Pedestrian and vehicle counter with data collection.,Pedestrian and vehicle counter with data collection.,Pedestrian and vehicle counter with data collection.,Pedestrian and vehicle counter with data collection.,Pedestrian and vehicle counter with data collection.,Pedestrian and vehicle counter with data collection.,Pedestrian and vehicle counter with data collection.,Pedestrian and vehicle counter with data collection.,Pedestrian and vehicle counter with data collection.,Pedestrian and vehicle counter with data collection.,Pedestrian and vehicle counter with data collection.,Pedestrian and vehicle counter with data collection.,Pedestrian and vehicle counter with data collection.,Pedestrian and vehicle counter with data collection.,Pedestrian and vehicle counter with data collection.,Pedestrian and vehicle counter with data collection.,Pedestrian and vehicle counter with data collection.,Pedestrian and vehicle counter with data collection.
start_screen_invitation_label,Invitation,Invitation,Invitation,Invitation,Invitation,Invitation,Invitation,Invitation,Invitation,Invitation,Invitation,Invitation,Invitation,Invitation,Invitation,Invitation,Invitation,Invitation,Invitation,Invitation,Invitation,Invitation,Invitation,Invitation,Invitation,Invitation,Invitation,Invitation,Invitation
start_screen_piyuo_cloud_label,Piyuo Cloud,Piyuo Cloud,Piyuo Cloud,Piyuo Cloud,Piyuo Cloud,Piyuo Cloud,Piyuo Cloud,Piyuo Cloud,Piyuo Cloud,Piyuo Cloud,Piyuo Cloud,Piyuo Cloud,Piyuo Cloud,Piyuo Cloud,Piyuo Cloud,Piyuo Cloud,Piyuo Cloud,Piyuo Cloud,Piyuo Cloud,Piyuo Cloud,Piyuo Cloud,Piyuo Cloud,Piyuo Cloud,Piyuo Cloud,Piyuo Cloud,Piyuo Cloud,Piyuo Cloud,Piyuo Cloud,Piyuo Cloud
start_screen_own_server_label,Own Server,Own Server,Own Server,Own Server,Own Server,Own Server,Own Server,Own Server,Own Server,Own Server,Own Server,Own Server,Own Server,Own Server,Own Server,Own Server,Own Server,Own Server,Own Server,Own Server,Own Server,Own Server,Own Server,Own Server,Own Server,Own Server,Own Server,Own Server,Own Server
start_screen_not_set_label,Not Set,Not Set,Not Set,Not Set,Not Set,Not Set,Not Set,Not Set,Not Set,Not Set,Not Set,Not Set,Not Set,Not Set,Not Set,Not Set,Not Set,Not Set,Not Set,Not Set,Not Set,Not Set,Not Set,Not Set,Not Set,Not Set,Not Set,Not Set,Not Set
start_screen_demo_mode_body,Demo mode. No data leaves your device.,Demo mode. No data leaves your device.,Demo mode. No data leaves your device.,Demo mode. No data leaves your device.,Demo mode. No data leaves your device.,Demo mode. No data leaves your device.,Demo mode. No data leaves your device.,Demo mode. No data leaves your device.,Demo mode. No data leaves your device.,Demo mode. No data leaves your device.,Demo mode. No data leaves your device.,Demo mode. No data leaves your device.,Demo mode. No data leaves your device.,Demo mode. No data leaves your device.,Demo mode. No data leaves your device.,Demo mode. No data leaves your device.,Demo mode. No data leaves your device.,Demo mode. No data leaves your device.,Demo mode. No data leaves your device.,Demo mode. No data leaves your device.,Demo mode. No data leaves your device.,Demo mode. No data leaves your device.,Demo mode. No data leaves your device.,Demo mode. No data leaves your device.,Demo mode. No data leaves your device.,Demo mode. No data leaves your device.,Demo mode. No data leaves your device.,Demo mode. No data leaves your device.,Demo mode. No data leaves your device.
settings_server_screen_title,Custom Server,Custom Server,Custom Server,Custom Server,Custom Server,Custom Server,Custom Server,Custom Server,Custom Server,Custom Server,Custom Server,Custom Server,Custom Server,Custom Server,Custom Server,Custom Server,Custom Server,Custom Server,Custom Server,Custom Server,Custom Server,Custom Server,Custom Server,Custom Server,Custom Server,Custom Server,Custom Server,Custom Server,Custom Server
settings_server_screen_body,Set the server URL used for uploads.,Set the server URL used for uploads.,Set the server URL used for uploads.,Set the server URL used for uploads.,Set the server URL used for uploads.,Set the server URL used for uploads.,Set the server URL used for uploads.,Set the server URL used for uploads.,Set the server URL used for uploads.,Set the server URL used for uploads.,Set the server URL used for uploads.,Set the server URL used for uploads.,Set the server URL used for uploads.,Set the server URL used for uploads.,Set the server URL used for uploads.,Set the server URL used for uploads.,Set the server URL used for uploads.,Set the server URL used for uploads.,Set the server URL used for uploads.,Set the server URL used for uploads.,Set the server URL used for uploads.,Set the server URL used for uploads.,Set the server URL used for uploads.,Set the server URL used for uploads.,Set the server URL used for uploads.,Set the server URL used for uploads.,Set the server URL used for uploads.,Set the server URL used for uploads.,Set the server URL used for uploads.
settings_server_screen_server_url_label,Server URL,Server URL,Server URL,Server URL,Server URL,Server URL,Server URL,Server URL,Server URL,Server URL,Server URL,Server URL,Server URL,Server URL,Server URL,Server URL,Server URL,Server URL,Server URL,Server URL,Server URL,Server URL,Server URL,Server URL,Server URL,Server URL,Server URL,Server URL,Server URL
settings_server_screen_delivery_cadence_label,Deliver Payload On Wall Clock,Deliver Payload On Wall Clock,Deliver Payload On Wall Clock,Deliver Payload On Wall Clock,Deliver Payload On Wall Clock,Deliver Payload On Wall Clock,Deliver Payload On Wall Clock,Deliver Payload On Wall Clock,Deliver Payload On Wall Clock,Deliver Payload On Wall Clock,Deliver Payload On Wall Clock,Deliver Payload On Wall Clock,Deliver Payload On Wall Clock,Deliver Payload On Wall Clock,Deliver Payload On Wall Clock,Deliver Payload On Wall Clock,Deliver Payload On Wall Clock,Deliver Payload On Wall Clock,Deliver Payload On Wall Clock,Deliver Payload On Wall Clock,Deliver Payload On Wall Clock,Deliver Payload On Wall Clock,Deliver Payload On Wall Clock,Deliver Payload On Wall Clock,Deliver Payload On Wall Clock,Deliver Payload On Wall Clock,Deliver Payload On Wall Clock,Deliver Payload On Wall Clock,Deliver Payload On Wall Clock
settings_server_screen_use_action,Use Custom Server,Use Custom Server,Use Custom Server,Use Custom Server,Use Custom Server,Use Custom Server,Use Custom Server,Use Custom Server,Use Custom Server,Use Custom Server,Use Custom Server,Use Custom Server,Use Custom Server,Use Custom Server,Use Custom Server,Use Custom Server,Use Custom Server,Use Custom Server,Use Custom Server,Use Custom Server,Use Custom Server,Use Custom Server,Use Custom Server,Use Custom Server,Use Custom Server,Use Custom Server,Use Custom Server,Use Custom Server,Use Custom Server
settings_server_screen_saving_action,Saving...,Saving...,Saving...,Saving...,Saving...,Saving...,Saving...,Saving...,Saving...,Saving...,Saving...,Saving...,Saving...,Saving...,Saving...,Saving...,Saving...,Saving...,Saving...,Saving...,Saving...,Saving...,Saving...,Saving...,Saving...,Saving...,Saving...,Saving...,Saving...
settings_server_screen_minute_unit_plural,minutes,minutes,minutes,minutes,minutes,minutes,minutes,minutes,minutes,minutes,minutes,minutes,minutes,minutes,minutes,minutes,minutes,minutes,minutes,minutes,minutes,minutes,minutes,minutes,minutes,minutes,minutes,minutes,minutes
settings_server_screen_hour_unit_singular,hour,hour,hour,hour,hour,hour,hour,hour,hour,hour,hour,hour,hour,hour,hour,hour,hour,hour,hour,hour,hour,hour,hour,hour,hour,hour,hour,hour,hour
settings_server_screen_hour_unit_plural,hours,hours,hours,hours,hours,hours,hours,hours,hours,hours,hours,hours,hours,hours,hours,hours,hours,hours,hours,hours,hours,hours,hours,hours,hours,hours,hours,hours,hours
settings_piyuo_screen_title,Piyuo Cloud,Piyuo Cloud,Piyuo Cloud,Piyuo Cloud,Piyuo Cloud,Piyuo Cloud,Piyuo Cloud,Piyuo Cloud,Piyuo Cloud,Piyuo Cloud,Piyuo Cloud,Piyuo Cloud,Piyuo Cloud,Piyuo Cloud,Piyuo Cloud,Piyuo Cloud,Piyuo Cloud,Piyuo Cloud,Piyuo Cloud,Piyuo Cloud,Piyuo Cloud,Piyuo Cloud,Piyuo Cloud,Piyuo Cloud,Piyuo Cloud,Piyuo Cloud,Piyuo Cloud,Piyuo Cloud,Piyuo Cloud
settings_piyuo_screen_body,Use a Piyuo Cloud URL for uploads.,Use a Piyuo Cloud URL for uploads.,Use a Piyuo Cloud URL for uploads.,Use a Piyuo Cloud URL for uploads.,Use a Piyuo Cloud URL for uploads.,Use a Piyuo Cloud URL for uploads.,Use a Piyuo Cloud URL for uploads.,Use a Piyuo Cloud URL for uploads.,Use a Piyuo Cloud URL for uploads.,Use a Piyuo Cloud URL for uploads.,Use a Piyuo Cloud URL for uploads.,Use a Piyuo Cloud URL for uploads.,Use a Piyuo Cloud URL for uploads.,Use a Piyuo Cloud URL for uploads.,Use a Piyuo Cloud URL for uploads.,Use a Piyuo Cloud URL for uploads.,Use a Piyuo Cloud URL for uploads.,Use a Piyuo Cloud URL for uploads.,Use a Piyuo Cloud URL for uploads.,Use a Piyuo Cloud URL for uploads.,Use a Piyuo Cloud URL for uploads.,Use a Piyuo Cloud URL for uploads.,Use a Piyuo Cloud URL for uploads.,Use a Piyuo Cloud URL for uploads.,Use a Piyuo Cloud URL for uploads.,Use a Piyuo Cloud URL for uploads.,Use a Piyuo Cloud URL for uploads.,Use a Piyuo Cloud URL for uploads.,Use a Piyuo Cloud URL for uploads.
settings_piyuo_screen_cloud_url_label,Cloud URL,Cloud URL,Cloud URL,Cloud URL,Cloud URL,Cloud URL,Cloud URL,Cloud URL,Cloud URL,Cloud URL,Cloud URL,Cloud URL,Cloud URL,Cloud URL,Cloud URL,Cloud URL,Cloud URL,Cloud URL,Cloud URL,Cloud URL,Cloud URL,Cloud URL,Cloud URL,Cloud URL,Cloud URL,Cloud URL,Cloud URL,Cloud URL,Cloud URL
settings_piyuo_screen_copy_action,Copy URL,Copy URL,Copy URL,Copy URL,Copy URL,Copy URL,Copy URL,Copy URL,Copy URL,Copy URL,Copy URL,Copy URL,Copy URL,Copy URL,Copy URL,Copy URL,Copy URL,Copy URL,Copy URL,Copy URL,Copy URL,Copy URL,Copy URL,Copy URL,Copy URL,Copy URL,Copy URL,Copy URL,Copy URL
settings_piyuo_screen_copy_success,URL copied,URL copied,URL copied,URL copied,URL copied,URL copied,URL copied,URL copied,URL copied,URL copied,URL copied,URL copied,URL copied,URL copied,URL copied,URL copied,URL copied,URL copied,URL copied,URL copied,URL copied,URL copied,URL copied,URL copied,URL copied,URL copied,URL copied,URL copied,URL copied
settings_piyuo_screen_legacy_body,If you already had a Piyuo Cloud URL from an older install, paste it here to keep using the same cloud space.,If you already had a Piyuo Cloud URL from an older install, paste it here to keep using the same cloud space.,If you already had a Piyuo Cloud URL from an older install, paste it here to keep using the same cloud space.,If you already had a Piyuo Cloud URL from an older install, paste it here to keep using the same cloud space.,If you already had a Piyuo Cloud URL from an older install, paste it here to keep using the same cloud space.,If you already had a Piyuo Cloud URL from an older install, paste it here to keep using the same cloud space.,If you already had a Piyuo Cloud URL from an older install, paste it here to keep using the same cloud space.,If you already had a Piyuo Cloud URL from an older install, paste it here to keep using the same cloud space.,If you already had a Piyuo Cloud URL from an older install, paste it here to keep using the same cloud space.,If you already had a Piyuo Cloud URL from an older install, paste it here to keep using the same cloud space.,If you already had a Piyuo Cloud URL from an older install, paste it here to keep using the same cloud space.,If you already had a Piyuo Cloud URL from an older install, paste it here to keep using the same cloud space.,If you already had a Piyuo Cloud URL from an older install, paste it here to keep using the same cloud space.,If you already had a Piyuo Cloud URL from an older install, paste it here to keep using the same cloud space.,If you already had a Piyuo Cloud URL from an older install, paste it here to keep using the same cloud space.,If you already had a Piyuo Cloud URL from an older install, paste it here to keep using the same cloud space.,If you already had a Piyuo Cloud URL from an older install, paste it here to keep using the same cloud space.,If you already had a Piyuo Cloud URL from an older install, paste it here to keep using the same cloud space.,If you already had a Piyuo Cloud URL from an older install, paste it here to keep using the same cloud space.,If you already had a Piyuo Cloud URL from an older install, paste it here to keep using the same cloud space.,If you already had a Piyuo Cloud URL from an older install, paste it here to keep using the same cloud space.,If you already had a Piyuo Cloud URL from an older install, paste it here to keep using the same cloud space.,If you already had a Piyuo Cloud URL from an older install, paste it here to keep using the same cloud space.,If you already had a Piyuo Cloud URL from an older install, paste it here to keep using the same cloud space.,If you already had a Piyuo Cloud URL from an older install, paste it here to keep using the same cloud space.,If you already had a Piyuo Cloud URL from an older install, paste it here to keep using the same cloud space.,If you already had a Piyuo Cloud URL from an older install, paste it here to keep using the same cloud space.,If you already had a Piyuo Cloud URL from an older install, paste it here to keep using the same cloud space.,If you already had a Piyuo Cloud URL from an older install, paste it here to keep using the same cloud space.
settings_piyuo_screen_invalid_url_error,Please paste a valid Piyuo Cloud URL.,Please paste a valid Piyuo Cloud URL.,Please paste a valid Piyuo Cloud URL.,Please paste a valid Piyuo Cloud URL.,Please paste a valid Piyuo Cloud URL.,Please paste a valid Piyuo Cloud URL.,Please paste a valid Piyuo Cloud URL.,Please paste a valid Piyuo Cloud URL.,Please paste a valid Piyuo Cloud URL.,Please paste a valid Piyuo Cloud URL.,Please paste a valid Piyuo Cloud URL.,Please paste a valid Piyuo Cloud URL.,Please paste a valid Piyuo Cloud URL.,Please paste a valid Piyuo Cloud URL.,Please paste a valid Piyuo Cloud URL.,Please paste a valid Piyuo Cloud URL.,Please paste a valid Piyuo Cloud URL.,Please paste a valid Piyuo Cloud URL.,Please paste a valid Piyuo Cloud URL.,Please paste a valid Piyuo Cloud URL.,Please paste a valid Piyuo Cloud URL.,Please paste a valid Piyuo Cloud URL.,Please paste a valid Piyuo Cloud URL.,Please paste a valid Piyuo Cloud URL.,Please paste a valid Piyuo Cloud URL.,Please paste a valid Piyuo Cloud URL.,Please paste a valid Piyuo Cloud URL.,Please paste a valid Piyuo Cloud URL.,Please paste a valid Piyuo Cloud URL.
settings_piyuo_screen_use_action,Use Piyuo Cloud,Use Piyuo Cloud,Use Piyuo Cloud,Use Piyuo Cloud,Use Piyuo Cloud,Use Piyuo Cloud,Use Piyuo Cloud,Use Piyuo Cloud,Use Piyuo Cloud,Use Piyuo Cloud,Use Piyuo Cloud,Use Piyuo Cloud,Use Piyuo Cloud,Use Piyuo Cloud,Use Piyuo Cloud,Use Piyuo Cloud,Use Piyuo Cloud,Use Piyuo Cloud,Use Piyuo Cloud,Use Piyuo Cloud,Use Piyuo Cloud,Use Piyuo Cloud,Use Piyuo Cloud,Use Piyuo Cloud,Use Piyuo Cloud,Use Piyuo Cloud,Use Piyuo Cloud,Use Piyuo Cloud,Use Piyuo Cloud
settings_piyuo_screen_saving_action,Saving...,Saving...,Saving...,Saving...,Saving...,Saving...,Saving...,Saving...,Saving...,Saving...,Saving...,Saving...,Saving...,Saving...,Saving...,Saving...,Saving...,Saving...,Saving...,Saving...,Saving...,Saving...,Saving...,Saving...,Saving...,Saving...,Saving...,Saving...,Saving...
language_screen_body,Select your preferred language for the app interface.,Select your preferred language for the app interface.,Select your preferred language for the app interface.,Select your preferred language for the app interface.,Select your preferred language for the app interface.,Select your preferred language for the app interface.,Select your preferred language for the app interface.,Select your preferred language for the app interface.,Select your preferred language for the app interface.,Select your preferred language for the app interface.,Select your preferred language for the app interface.,Select your preferred language for the app interface.,Select your preferred language for the app interface.,Select your preferred language for the app interface.,Select your preferred language for the app interface.,Select your preferred language for the app interface.,Select your preferred language for the app interface.,Select your preferred language for the app interface.,Select your preferred language for the app interface.,Select your preferred language for the app interface.,Select your preferred language for the app interface.,Select your preferred language for the app interface.,Select your preferred language for the app interface.,Select your preferred language for the app interface.,Select your preferred language for the app interface.,Select your preferred language for the app interface.,Select your preferred language for the app interface.,Select your preferred language for the app interface.,Select your preferred language for the app interface.
language_screen_system_label,System language,System language,System language,System language,System language,System language,System language,System language,System language,System language,System language,System language,System language,System language,System language,System language,System language,System language,System language,System language,System language,System language,System language,System language,System language,System language,System language,System language,System language
about_screen_build_info_title,Build Information,Build Information,Build Information,Build Information,Build Information,Build Information,Build Information,Build Information,Build Information,Build Information,Build Information,Build Information,Build Information,Build Information,Build Information,Build Information,Build Information,Build Information,Build Information,Build Information,Build Information,Build Information,Build Information,Build Information,Build Information,Build Information,Build Information,Build Information,Build Information
about_screen_reset_app_state_title,Reset App State,Reset App State,Reset App State,Reset App State,Reset App State,Reset App State,Reset App State,Reset App State,Reset App State,Reset App State,Reset App State,Reset App State,Reset App State,Reset App State,Reset App State,Reset App State,Reset App State,Reset App State,Reset App State,Reset App State,Reset App State,Reset App State,Reset App State,Reset App State,Reset App State,Reset App State,Reset App State,Reset App State,Reset App State
about_screen_reset_app_state_success,App state has been reset.,App state has been reset.,App state has been reset.,App state has been reset.,App state has been reset.,App state has been reset.,App state has been reset.,App state has been reset.,App state has been reset.,App state has been reset.,App state has been reset.,App state has been reset.,App state has been reset.,App state has been reset.,App state has been reset.,App state has been reset.,App state has been reset.,App state has been reset.,App state has been reset.,App state has been reset.,App state has been reset.,App state has been reset.,App state has been reset.,App state has been reset.,App state has been reset.,App state has been reset.,App state has been reset.,App state has been reset.,App state has been reset.
about_screen_force_window_end_title,Force Window End,Force Window End,Force Window End,Force Window End,Force Window End,Force Window End,Force Window End,Force Window End,Force Window End,Force Window End,Force Window End,Force Window End,Force Window End,Force Window End,Force Window End,Force Window End,Force Window End,Force Window End,Force Window End,Force Window End,Force Window End,Force Window End,Force Window End,Force Window End,Force Window End,Force Window End,Force Window End,Force Window End,Force Window End
no_camera_screen_title,No Camera Detected,No Camera Detected,No Camera Detected,No Camera Detected,No Camera Detected,No Camera Detected,No Camera Detected,No Camera Detected,No Camera Detected,No Camera Detected,No Camera Detected,No Camera Detected,No Camera Detected,No Camera Detected,No Camera Detected,No Camera Detected,No Camera Detected,No Camera Detected,No Camera Detected,No Camera Detected,No Camera Detected,No Camera Detected,No Camera Detected,No Camera Detected,No Camera Detected,No Camera Detected,No Camera Detected,No Camera Detected,No Camera Detected
no_camera_screen_body,"There is no camera detected on this device. Please connect a camera to use the app.\nOr you can use Live URL or a file to test the app.","There is no camera detected on this device. Please connect a camera to use the app.\nOr you can use Live URL or a file to test the app.","There is no camera detected on this device. Please connect a camera to use the app.\nOr you can use Live URL or a file to test the app.","There is no camera detected on this device. Please connect a camera to use the app.\nOr you can use Live URL or a file to test the app.","There is no camera detected on this device. Please connect a camera to use the app.\nOr you can use Live URL or a file to test the app.","There is no camera detected on this device. Please connect a camera to use the app.\nOr you can use Live URL or a file to test the app.","There is no camera detected on this device. Please connect a camera to use the app.\nOr you can use Live URL or a file to test the app.","There is no camera detected on this device. Please connect a camera to use the app.\nOr you can use Live URL or a file to test the app.","There is no camera detected on this device. Please connect a camera to use the app.\nOr you can use Live URL or a file to test the app.","There is no camera detected on this device. Please connect a camera to use the app.\nOr you can use Live URL or a file to test the app.","There is no camera detected on this device. Please connect a camera to use the app.\nOr you can use Live URL or a file to test the app.","There is no camera detected on this device. Please connect a camera to use the app.\nOr you can use Live URL or a file to test the app.","There is no camera detected on this device. Please connect a camera to use the app.\nOr you can use Live URL or a file to test the app.","There is no camera detected on this device. Please connect a camera to use the app.\nOr you can use Live URL or a file to test the app.","There is no camera detected on this device. Please connect a camera to use the app.\nOr you can use Live URL or a file to test the app.","There is no camera detected on this device. Please connect a camera to use the app.\nOr you can use Live URL or a file to test the app.","There is no camera detected on this device. Please connect a camera to use the app.\nOr you can use Live URL or a file to test the app.","There is no camera detected on this device. Please connect a camera to use the app.\nOr you can use Live URL or a file to test the app.","There is no camera detected on this device. Please connect a camera to use the app.\nOr you can use Live URL or a file to test the app.","There is no camera detected on this device. Please connect a camera to use the app.\nOr you can use Live URL or a file to test the app.","There is no camera detected on this device. Please connect a camera to use the app.\nOr you can use Live URL or a file to test the app.","There is no camera detected on this device. Please connect a camera to use the app.\nOr you can use Live URL or a file to test the app.","There is no camera detected on this device. Please connect a camera to use the app.\nOr you can use Live URL or a file to test the app.","There is no camera detected on this device. Please connect a camera to use the app.\nOr you can use Live URL or a file to test the app.","There is no camera detected on this device. Please connect a camera to use the app.\nOr you can use Live URL or a file to test the app.","There is no camera detected on this device. Please connect a camera to use the app.\nOr you can use Live URL or a file to test the app.","There is no camera detected on this device. Please connect a camera to use the app.\nOr you can use Live URL or a file to test the app.","There is no camera detected on this device. Please connect a camera to use the app.\nOr you can use Live URL or a file to test the app.","There is no camera detected on this device. Please connect a camera to use the app.\nOr you can use Live URL or a file to test the app."